X1,X2,X3
-1.2570,-65.7140,29.4040
-2.0380,-80.2300,31.1030
0.6420,-67.0230,29.0240
4.1700,-69.4330,33.7030
1.9440,-64.1160,30.9010
-1.9780,-75.4040,29.9260
-3.0700,-70.9580,29.2850
-0.9210,-59.4580,22.5850
-1.7710,-69.4810,36.6240
3.1380,-103.7270,48.6890
-2.9840,-58.2100,20.9740
-0.8030,-73.0100,33.2340
-2.0770,-64.4790,28.0490
-2.4560,-71.8710,72.0350
-2.3840,-55.9350,26.0960
-5.5140,-78.7580,47.7370
-1.6580,-71.4070,56.0110
-3.1920,-60.3400,34.0750
-2.0300,-72.5710,38.5730
-3.3440,-56.5790,26.6050
-3.3650,-77.4140,43.6690
-4.3560,-61.4970,48.2290
-1.9600,-62.4780,33.2840
-5.5050,-74.2590,59.9370
-6.3390,-68.7780,39.8350
-5.4840,-66.7470,34.7900
-4.1660,-53.5120,27.4830
-3.8690,-62.2350,56.5770
-5.0810,-59.5970,38.4730
-2.6910,-62.5950,38.9180
-2.8620,-62.4800,29.3930
-1.6510,-58.7360,29.0860
-0.1640,-65.3660,30.1850
-4.3730,-57.2190,24.2320
3.1120,-74.2280,36.4150
-1.3490,-69.8430,37.7260
-5.0410,-89.7390,69.5120
-14.0905,-99.6358,78.2253
0.4550,-147.3350,81.4240
1.5180,-69.8880,32.7860
-0.8450,-58.2820,30.5690
2.9810,-80.0010,45.8030
1.1380,-61.7510,31.8830
5.1160,-120.1140,69.5380
-0.4680,-92.3640,56.3770
4.1570,-90.9360,42.4610
-1.1390,-72.3080,39.4180
7.0230,-73.4610,26.9250
0.5310,-188.8360,107.6230
15.4010,-122.6670,73.8040
-1.4150,-68.9550,39.1950
16.4670,-127.5510,69.6240
-0.5090,-60.8990,34.6610
7.0380,-104.0140,47.0340
0.4730,-135.3090,63.9890
-2.9000,-67.1380,49.3910
0.3990,-75.7980,44.1940
0.6020,-62.1290,47.6640
5.9670,-77.1400,61.2960
-4.4170,-84.5920,60.7660
32.3180,-128.4730,58.9940
39.9020,-160.7860,72.5440
-6.0090,-100.3990,32.8750
-4.8030,-94.8570,67.4600
-4.1720,-93.7010,60.4870
-3.3430,-82.9300,60.9980
-3.0620,-80.7230,53.3090
-5.6800,-96.7850,72.3950
-2.2630,-94.7320,66.8410
10.8110,-123.2620,73.9140
-2.9670,-106.7940,63.3950
16.8100,-144.8440,81.9940
-1.5330,-151.4300,95.2350
-3.1090,-152.9130,11.3280
-1.5020,-84.7800,41.8220
11.9820,-116.6410,67.9370
-3.9230,-92.2730,44.1960
-4.3210,-82.5370,75.7920
-1.8990,-214.0340,121.1580
-0.8370,-68.6620,46.0730
-1.4550,-145.2530,64.2010
-3.9510,-127.0120,76.9000
-2.0560,-122.6910,78.6830
-1.6960,-134.1580,84.9140
-0.6740,-184.7950,101.1310
3.7120,-101.7320,56.0050
4.2500,-457.1830,157.6370
-0.3450,-171.9670,78.5000
-3.9490,-71.7870,52.7430
-0.4420,-102.7130,81.8600
-2.1650,-134.4560,77.3800
-1.4430,-116.1250,67.5150
-3.9340,-86.5960,45.2920
-1.3300,-179.9580,90.8320
2.2640,-88.1960,37.2460
-2.6020,-103.5700,62.8660
11.9670,-121.3630,64.0560
-3.8890,-72.9530,45.4480
-2.2500,-94.0270,63.5190
-4.8290,-67.1310,42.0670
-4.2430,-77.7820,46.8170
-3.6050,-177.0640,115.9450
-4.6940,-198.4940,91.1350
-1.4610,-302.7380,140.3400
0.3130,-117.4650,67.3680
-3.6530,-266.5660,123.0250
13.4790,-145.0580,69.8210
-10.2300,-81.8310,59.8740
-4.9770,-114.8810,75.1260
-3.4490,-88.2710,61.6050
-1.7040,-135.5370,74.9830
-2.9380,-135.5340,91.3420
-5.6470,-96.4250,73.1870
-8.1620,-120.5700,71.3140
1.2920,-149.1890,76.3720
-8.0220,-120.9290,72.1970
-3.5910,-178.7440,88.5500
-4.0890,-211.6130,105.5840
4.8020,-138.0470,89.5410
-8.5400,-187.9760,105.2610
8.0320,-128.7300,76.3550
0.1740,-87.7410,50.0250
-1.3070,-216.2590,115.8580
-1.6840,-119.5170,76.8820
-3.4960,-123.1770,83.1740
-4.8140,-96.9710,70.1380
-4.6030,-96.3180,75.5380
-1.0500,-107.0790,74.6370
-4.4660,-93.3950,62.6360
-7.1470,-141.7520,90.8290
-4.7780,-149.2850,81.3980
-7.3280,-85.3630,66.9300
-2.5310,-199.0150,117.5250
-4.5840,-93.6470,58.2610
-6.6970,-98.6510,76.4270
-1.7180,-120.1880,81.5950
-6.6350,-167.7260,95.1720
-3.9090,-123.2570,74.9770
6.0190,-125.2730,76.7660
-3.0830,-138.6330,81.1380
-4.1260,-87.1700,56.5090
-3.6080,-58.0860,25.5040
1.8570,-62.2210,17.4380
7.4500,-86.0070,21.6220
-1.5350,-83.6420,43.8790
-1.4050,-66.5330,35.0480
-1.6880,-55.0390,10.4030
0.2550,-56.3590,13.9870
-2.0220,-56.4740,11.9210
-1.5860,-56.4160,12.9240
-1.9520,-80.4520,56.2820
17.0580,-87.0210,52.0060
6.5960,-70.5510,36.9730
0.4990,-69.6820,33.5100
-3.3350,-62.3610,21.3240
-3.6420,-60.3050,30.8280
-4.2010,-58.9180,17.5020
-7.7940,-72.4280,19.9750
-17.0820,-80.5560,75.2090
-13.4370,-111.9330,58.7870
-2.7410,-57.3310,23.0960
-7.5490,-85.8930,41.1920
-3.5610,-59.3800,24.6650
-2.6880,-59.1070,22.8210
-5.1730,-71.8000,32.0390
-1.8330,-97.0660,70.1290
0.2900,-59.4980,18.9870
-8.5750,-78.2000,45.1170
-12.2140,-100.2060,60.4860
-4.5120,-60.4460,33.9100
-1.9000,-56.6080,19.4530
-3.5740,-48.6950,17.6240
-3.5680,-58.4330,25.2710
-1.3780,-75.8750,32.4870
-5.5910,-71.3980,36.0620
-3.0790,-57.3290,23.2220
-10.8230,-79.1490,35.9500
-4.1840,-57.9280,23.8350
-2.6790,-44.4600,14.8280
-6.0870,-72.5340,22.1350
-2.4300,-46.2830,15.6080
4.5330,-61.0720,26.2520
-1.3610,-61.7840,37.8040
-0.5070,-55.8680,15.7840
-0.5680,-57.9830,18.4520
-3.0790,-69.4980,37.9450
-3.1180,-50.2860,13.6180
-10.0490,-89.0890,36.9050
4.2890,-59.0200,23.4880
-4.3850,-60.4630,18.0190
-2.8630,-51.7610,23.3910
-0.5700,-58.6470,20.9410
-3.0080,-58.2420,27.3090
-4.5370,-86.7590,39.3700
-1.5690,-58.9910,21.3080
-2.3570,-61.6990,33.5350
-0.7100,-52.4260,20.0280
3.7710,-60.0520,23.4890
-3.5590,-56.9500,22.3300
-0.9200,-50.9430,19.5610
-1.2950,-59.3810,22.6110
-2.7670,-57.2260,20.4330
-2.0680,-58.1520,21.8900
-2.1850,-58.7740,20.8660
-2.0800,-59.2460,40.2520
-2.6910,-60.3790,25.6910
-1.9260,-59.8180,21.4120
-1.1490,-55.9620,33.1210
-3.3530,-53.3700,27.1380
8.7940,-79.6520,38.4440
1.6070,-51.3000,19.5370
3.7050,-64.1780,35.3090
-0.5640,-61.3540,31.3760
-0.3580,-58.6220,27.7470
-0.7890,-66.8990,26.4040
0.6390,-67.7940,39.2050
7.3710,-78.3040,41.8500
-2.9130,-65.9840,40.1100
-1.0490,-62.0190,28.6820
-1.2910,-58.8800,27.2770
-2.2100,-60.3630,38.7760
-0.8330,-65.2630,33.7330
-2.8150,-79.4950,42.7000
-3.4720,-73.7720,42.5060
-0.7130,-61.7160,34.4740
0.0800,-71.4760,41.3560
-3.1050,-62.9170,32.5510
-10.2590,-56.8230,39.2020
-0.8070,-71.3710,38.9660
-8.2590,-55.8120,34.9150
-6.9390,-70.9720,53.1570
5.2010,-83.8930,47.7340
-2.4650,-58.2840,28.4840
3.5370,-80.4670,43.1530
2.6280,-69.6820,38.3170
3.1680,-73.7620,41.8500
0.3660,-58.0590,33.2000
12.6810,-63.7780,32.7390
0.9790,-65.8960,38.5030
-5.6850,-67.4330,50.2120
-2.3370,-59.0420,26.5350
-1.9850,-70.0820,35.6260
3.5580,-75.2180,33.5690
-1.3150,-64.3900,33.8180
0.6150,-52.0020,27.2260
-7.1830,-74.4600,43.4290
0.2550,-58.3180,27.8840
-8.5300,-54.3750,30.6490
-2.4700,-68.2660,52.2440
1.0180,-57.8600,32.9850
-3.6780,-72.6640,65.6840
-3.9320,-78.1240,68.9780
-3.6200,-64.3550,47.5040
-2.0590,-59.9040,32.3710
0.5390,-54.2750,25.7950
2.6180,-72.7170,41.8490
-3.8750,-65.6050,40.4540
-1.1300,-66.5010,28.3180
-2.4370,-81.9000,46.6880
10.0360,-80.9960,60.6030
-3.9060,-61.0830,47.7000
-3.0840,-91.9970,63.3490
-2.6610,-75.0900,55.9620
-1.1580,-71.9790,54.5800
-2.8790,-77.5580,68.3500
6.2370,-96.2990,64.5550
-4.2270,-111.2790,50.5220
-1.0480,-74.7260,48.9530
-4.1920,-77.9660,33.4680
-1.6790,-85.5210,51.9230
-2.8720,-101.1420,35.3380
-2.7650,-64.4260,40.1450
5.5270,-85.3760,67.2590
0.4270,-69.1680,50.0900
-2.0300,-67.5520,29.4630
-0.5700,-67.3130,35.5080
-1.3350,-91.7210,59.8240
-2.4010,-77.9890,34.9230
-2.2650,-88.5770,48.0730
-4.6700,-59.2020,44.6940
-1.0670,-75.9560,38.4990
-1.1140,-60.3230,31.7460
-3.3750,-58.2760,43.4030
-2.3120,-64.3190,36.1050
-3.7210,-65.9320,48.4060
-1.6030,-68.6010,63.1680
-3.8640,-76.6320,64.8890
-4.1200,-61.2160,36.1500
-1.4170,-59.2120,30.8060
-0.6990,-57.3680,31.0330
-1.7210,-66.6840,53.5380
-2.9910,-74.7660,54.0400
-1.9440,-57.5180,32.7280
-2.5610,-83.9170,42.7170
-4.1020,-78.3600,50.3100
-1.0910,-66.8050,37.2030
2.7850,-132.5840,70.8530
-4.5940,-89.7320,55.0410
-2.0890,-75.6360,38.1680
10.9930,-62.7280,27.5410
-1.6400,-78.1780,44.6980
-0.7930,-82.3520,36.5350
2.0830,-90.1520,62.2780
-3.9010,-104.7310,57.8270
0.3320,-83.5980,45.4480
-2.7620,-71.8100,37.2550
-1.1850,-53.8280,32.9650
-2.2360,-60.8080,30.1880
-5.2030,-63.5970,42.9330
-2.6190,-70.2250,36.8210
-1.6940,-118.7860,46.6120
52.8750,-114.0740,44.0570
47.1760,-104.6000,46.7590
-3.8070,-92.4460,52.4660
-1.7880,-57.1340,33.3350
8.9880,-66.5070,19.4170
-2.3810,-81.9900,42.5470
-2.4040,-86.6250,64.6520
-2.5230,-94.5730,68.6180
9.7450,-140.7600,79.9740
-2.1860,-58.6710,23.7360
0.9530,-55.4800,23.1250
1.6660,-52.1480,24.0740
-3.5990,-106.8750,58.4460
-0.7440,-67.8450,48.3490
-4.9650,-91.8330,57.3760
-0.0980,-59.1580,23.6340
-1.2830,-62.0850,27.5230
49.1160,-110.1180,46.4130
1.2500,-61.0890,20.3780
-2.0150,-95.3030,69.3230
-1.0240,-58.3700,33.0330
-2.6340,-90.5490,52.8250
6.9090,-71.1580,23.0640
11.7090,-72.6660,41.1650
-2.4130,-64.8990,52.3680
-0.6800,-63.5970,38.8900
-0.9690,-62.1500,36.9060
-1.4340,-64.3890,49.4360
6.1060,-99.4500,55.3320
-0.3780,-59.6690,31.8720
7.9770,-133.8650,92.9160
3.7650,-136.1700,90.8430
-2.5160,-101.1660,67.7140
-2.4740,-109.7550,45.5050
25.4240,-61.1860,15.9950
0.6300,-57.2150,28.5570
42.6620,-176.6280,106.4330
-6.0960,-65.7140,47.7450
39.9010,-178.2370,108.8570
-1.6690,-57.8470,32.5150
-1.4830,-63.9920,40.8340
-6.7650,-73.1660,33.2770
-0.8040,-82.6180,49.8290
-2.0250,-134.3010,66.7740
-2.0550,-69.9050,46.6800
-2.4750,-72.0780,40.5710
3.7750,-75.9730,52.0740
-4.0650,-58.4480,34.2300
-0.7510,-78.8480,38.1020
0.1250,-53.8380,28.4200
-3.8780,-156.1340,104.8160
0.2860,-91.5880,56.6090
-4.6810,-141.1730,89.2960
0.5410,-98.9550,57.8690
-2.0790,-79.2060,50.7730
-3.9920,-67.6330,44.4070
-4.9980,-79.5520,48.5910
2.7310,-105.1200,51.4940
-8.0790,-167.5390,69.7510
-4.2790,-78.7080,62.0820
-6.7410,-108.6770,64.1090
-8.6160,-86.3100,61.6320
-5.2170,-83.2630,70.4490
-3.6830,-103.7600,69.6740
-5.6740,-116.0890,65.5060
-3.7020,-107.6560,76.0640
-4.4980,-87.6720,52.9010
-9.4670,-109.9540,52.1520
-1.3580,-236.9190,87.2250
-1.2610,-104.5470,60.6130
8.6900,-90.6910,66.5540
-1.6690,-104.6280,85.6610
-2.8350,-92.5580,51.3290
-3.0560,-142.8810,61.0160
-1.0920,-79.2620,43.1780
-2.8700,-95.6170,42.8510
-2.3700,-160.0250,88.9090
-2.5900,-79.0460,43.6630
-2.9230,-90.6930,44.9960
-4.0050,-79.6900,42.5260
-0.1340,-77.3230,48.9270
-2.8020,-105.9790,55.1340
-6.9580,-99.0520,52.3270
-2.5760,-72.7880,45.4210
-4.1870,-85.0580,43.7040
-1.9180,-79.9690,35.9990
-1.0770,-92.4380,46.8260
-3.0010,-129.5180,52.4030
-2.4170,-97.6680,44.3930
-1.1000,-96.4870,51.6710
-3.3190,-103.8610,65.2740
-2.1970,-123.9300,69.0130
-4.1070,-84.7690,55.5020
-1.5620,-122.9970,74.0590
-7.5340,-112.7190,65.3660
-2.9810,-275.7470,107.7670
-3.5390,-96.6370,50.2120
-1.3970,-181.0580,126.4110
1.2540,-171.9350,56.8260
3.4470,-108.4340,73.2790
-5.7350,-71.8930,49.8810
33.5180,-174.5840,96.6720
-6.8760,-79.9470,64.6050
-5.7390,-87.9750,44.5710
-2.9650,-125.5200,69.3790
14.6600,-108.8460,59.5970
0.0700,-87.2870,63.8990
9.6080,-134.6450,74.4510
-1.4140,-125.2980,74.8590
-0.7110,-102.7300,79.0540
0.9510,-117.0570,75.7940
-5.0240,-113.9630,72.4760
-1.6450,-99.5090,67.6170
-0.6370,-113.7480,66.5930
-4.4380,-164.7710,92.7920
-0.8370,-143.0330,92.4750
-1.4470,-141.1510,61.6830
-5.0590,-121.5320,68.7650
-4.2700,-116.3980,60.4690
-2.3890,-129.4750,89.8150
4.4710,-141.2620,93.6130
-5.0700,-160.1540,80.5430
-5.2850,-290.5260,136.7140
-3.1450,-164.2580,84.7860
-9.2120,-202.0330,104.0330
-2.9690,-94.6560,69.1260
-5.3800,-208.7160,99.7580
-3.7140,-64.6170,30.4180
0.8060,-65.4520,28.4700
-1.5550,-51.5920,23.3000
-2.8440,-65.9880,34.1030
-2.6650,-58.0890,38.6510
6.5130,-80.6710,37.4550
-0.6930,-63.5880,31.4880
9.4250,-162.8110,72.9710
6.6390,-112.9700,64.7460
-3.4310,-124.1560,81.7400
-2.8110,-58.8710,36.7720
-1.0660,-62.2880,35.1350
-1.1130,-75.7720,42.4660
-1.8100,-93.8320,57.0150
-1.0670,-113.9000,72.8410
-3.3100,-63.3100,34.1560
-1.2210,-76.8910,33.1480
-3.8040,-75.3330,42.9530
-2.9060,-65.7310,50.9720
3.7860,-67.2500,20.4900
-1.1760,-98.0220,53.9230
-4.9780,-78.7670,17.9540
-2.6360,-117.8640,55.0210
5.4630,-66.6530,22.0830
-2.5410,-78.8200,42.7740
7.6110,-68.1060,24.8220
-3.3170,-98.7620,64.7450
-8.1050,-98.6860,52.1570
-4.7590,-187.2350,124.0850
-6.3180,-66.8080,39.4330
-4.6120,-109.9940,67.3190
-6.4760,-63.2090,40.0240
-4.9050,-80.8800,50.1270
-2.9210,-148.7640,100.2100
-2.1930,-60.4910,24.9420
-1.9920,-60.6890,28.3580
-1.2550,-131.3010,59.6780
-0.6490,-66.1320,36.5000
-3.6710,-71.2930,40.2150
-1.5780,-55.0050,26.4510
-3.3010,-58.6120,22.4740
-1.2550,-54.0400,21.7290
-1.5150,-64.5920,31.0840
-8.5300,-66.5390,28.2400
-4.5040,-61.4400,46.0500
-4.1250,-55.0190,20.7150
-1.9590,-51.3710,23.4040
-5.3400,-50.4220,22.0710
-3.8370,-74.8900,42.6790
-3.9540,-57.1220,30.6850
-1.8990,-47.1940,20.2500
-13.0830,-100.5910,50.2570
-2.8060,-83.7590,48.0420
2.4970,-51.6310,12.1280
-2.1480,-53.7480,15.7140
-3.5760,-57.4810,23.7830
-13.3400,-84.0340,33.5540
-0.2090,-51.9410,21.0510
-2.0830,-56.7810,27.2880
-5.0190,-55.2450,20.9780
-3.4940,-84.7080,62.2090
4.9510,-84.7500,56.7970
-2.8810,-72.5270,50.1130
-2.4250,-193.9330,116.3520
-2.0330,-60.8160,35.9190
-2.4630,-79.8480,49.0060
13.0680,-117.0430,74.1920
-1.1000,-56.3690,15.8620
-2.1230,-66.1620,35.7250
-1.5850,-50.2790,13.1040
-1.6560,-56.8940,40.3560
-1.0170,-129.7420,92.6430
-6.6650,-55.8660,26.0520
-6.7530,-68.8250,32.4490
-2.4810,-72.7690,43.0380
-1.7720,-58.9060,39.2850
-1.8660,-59.8270,39.2150
3.4840,-58.3170,20.3620
1.2790,-57.9260,19.1860
-3.8980,-65.9150,40.0330
-1.5900,-59.8580,38.0010
-7.0840,-57.3640,29.8850
-7.9730,-65.8290,41.5070
1.2580,-62.8350,27.5130
17.4670,-111.5420,57.6960
0.8180,-62.6290,29.5990
5.4290,-71.2520,39.5920
-2.1970,-58.8180,31.4690
8.0240,-78.7710,40.8870
-0.0520,-82.4490,48.8550
-3.0460,-54.2580,23.1030
-2.8820,-60.2480,35.6720
-1.3570,-56.9570,33.0270
1.4030,-63.6700,36.1870
-0.5840,-88.5540,52.8210
0.7130,-53.1230,19.2150
-2.6080,-58.5540,18.2050
-1.6770,-58.4320,30.8570
-0.5240,-58.5650,17.8230
7.0710,-84.4030,45.4990
-0.9170,-70.7920,42.5020
-4.3760,-60.2400,31.7160
-0.4310,-64.5450,42.0580
-3.3730,-87.6740,44.4800
-1.7790,-59.2560,26.3990
-0.8550,-81.6660,33.6820
1.2070,-58.0450,37.2510
-0.9710,-58.8230,25.9610
-1.1280,-59.5930,24.8760
-0.2560,-64.4520,34.8210
2.5990,-65.3650,22.5440
-0.0650,-79.4290,31.9670
0.6010,-61.7360,28.6460
-1.3480,-57.9020,19.9680
-1.7770,-63.0860,35.6780
-2.0140,-62.4940,25.3330
-10.5530,-58.6850,32.6710
-1.2350,-53.1090,20.1920
-5.2160,-68.6210,30.5930
0.5380,-63.0550,30.6030
-1.2560,-59.1560,25.7640
-0.3310,-51.9380,25.7610
0.7790,-52.8060,15.5600
-3.1520,-58.3330,37.2280
0.5190,-47.4190,16.1890
-0.9570,-61.6320,37.1450
0.6330,-60.5820,31.5160
-0.1320,-60.6720,24.9790
2.0910,-50.6630,19.3120
-2.6750,-58.8430,38.3640
1.5150,-72.2340,39.6850
0.5500,-61.5460,26.2660
-2.5450,-57.4670,29.3510
1.8990,-57.8720,28.2600
-1.6940,-117.0550,72.9200
10.3570,-67.8680,26.1110
-0.8850,-53.0490,25.1310
6.9730,-59.7630,29.7250
0.8230,-73.0880,34.7030
-2.2180,-72.2330,52.6710
9.5640,-72.7740,32.1270
10.2780,-61.2030,26.1880
2.5990,-69.9470,42.8170
2.4240,-57.0760,26.6060
6.5740,-77.9560,35.6240
2.2200,-59.3160,27.7920
20.1400,-88.8590,40.1790
6.6120,-70.4970,34.3880
7.3750,-76.1970,36.7110
-0.2980,-60.8400,30.9050
1.9740,-53.7650,22.2050
-1.8230,-62.8110,30.9490
-1.2690,-80.6140,46.2820
3.6320,-118.4320,50.8060
0.5860,-55.7170,25.9690
10.5680,-134.5540,70.2040
29.8540,-100.2970,45.6840
-3.0550,-69.3660,46.0900
11.7660,-77.5250,36.2140
-4.0540,-60.5540,38.7790
0.4910,-106.8800,62.4010
7.5360,-70.0460,45.9840
3.4540,-98.1240,57.9780
12.5370,-135.2780,75.0190
25.0380,-120.4660,66.5670
-3.4550,-68.3220,35.2810
7.8010,-75.9400,50.6430
-3.4540,-83.8530,44.6440
-3.0140,-65.6430,37.0730
-3.8480,-61.9830,35.4190
20.8470,-84.6970,47.0060
4.9750,-63.3780,35.6070
-0.7200,-75.0830,47.7200
8.2040,-136.7240,75.2100
-1.5570,-66.2520,37.0590
-3.8250,-70.5790,39.5070
-3.5360,-61.3110,45.3740
-2.7560,-57.9820,37.1600
24.4130,-88.2130,31.3690
71.1310,-97.0610,26.4920
0.8110,-74.2880,41.4660
-2.4470,-68.1710,33.7510
1.4170,-163.8370,77.9270
-1.8930,-53.6400,26.3720
-1.0970,-106.3210,72.7690
-2.4140,-67.8770,41.5540
3.8220,-80.9790,48.0460
-1.6140,-66.4790,37.5740
5.3540,-90.6840,57.3930
2.5290,-62.6250,29.4710
2.5870,-92.4020,47.6070
0.4730,-84.8720,53.8950
-1.7090,-108.7280,61.3170
-2.0820,-81.0160,41.2470
-3.0270,-71.2960,47.2500
-2.7890,-74.3150,41.8080
-2.9040,-71.5820,46.4980
44.0760,-72.3780,32.4530
-0.2650,-83.8320,44.8760
-4.3810,-83.6600,51.8220
-2.3380,-65.5740,33.9750
-4.6820,-72.7090,53.4180
-2.9030,-78.4960,61.3640
-4.5790,-139.5840,76.1580
-3.2880,-147.9080,87.5480
0.6000,-71.5030,35.7560
10.6160,-113.4930,57.0650
23.9260,-158.6960,77.3580
-4.8870,-108.7640,73.0570
19.9570,-104.1560,48.9810
-2.0500,-84.5620,60.6000
30.6090,-105.4490,61.5150
-1.6620,-80.0290,57.9490
19.2080,-94.0700,39.1440
-1.1580,-82.6820,55.4620
-2.5340,-66.0030,54.3030
-1.6540,-98.9630,68.7840
0.1520,-72.6490,33.7300
-4.3800,-138.2730,99.0210
-1.2030,-60.1400,40.5380
13.1640,-80.2060,45.0380
17.3100,-126.1710,78.6790
0.0570,-91.9810,54.8330
1.9590,-89.6150,51.0320
-2.2160,-60.8130,41.5860
-2.0700,-75.5480,47.7080
-0.7860,-62.0440,34.0030
-1.1770,-68.4680,36.7600
0.7610,-75.2890,40.2410
9.5920,-100.4870,49.1500
0.3080,-61.4690,27.5840
11.7500,-118.0130,54.3120
-2.5070,-86.7230,61.7470
-0.2270,-55.2150,31.6340
2.7800,-66.7840,36.2110
16.6010,-130.2650,79.2940
-3.2160,-99.5280,61.0830
2.3070,-106.1740,65.2010
-3.1090,-131.5320,58.9810
-1.6290,-79.4940,54.0700
-2.3840,-104.7490,57.3930
-2.1500,-76.8650,37.2040
2.7240,-71.6900,47.3410
-0.5260,-59.3900,16.7690
48.1820,-99.3270,23.1060
-2.1350,-90.9280,53.9780
-1.5300,-65.6780,49.3800
1.4350,-54.4610,17.6760
-2.4560,-59.7490,36.4440
-3.2860,-79.5180,40.2490
-3.2470,-91.8570,49.7230
-3.3410,-57.6810,31.3440
-0.7380,-201.6090,61.6010
-1.4270,-139.5840,74.4410
-2.8120,-89.4090,52.0250
-8.7770,-70.0030,48.3460
-3.3040,-86.0160,52.9540
-0.6790,-68.1920,33.5630
-3.5880,-86.7610,51.8090
-4.1970,-68.2460,40.8360
-1.4060,-60.5670,34.7220
-2.6230,-146.3130,62.7310
-2.9240,-105.2230,51.6260
-2.8530,-83.1540,58.2190
-3.0460,-61.3820,26.3590
-3.0040,-82.5620,43.7440
-4.0290,-68.1270,47.1210
-1.2350,-107.6330,52.3400
-1.7680,-113.3210,63.2050
1.6150,-78.2290,42.6010
-1.6870,-81.1840,46.5170
2.2860,-60.1530,29.3630
1.3970,-65.1090,26.6600
-0.7280,-60.7490,25.2340
-0.9700,-60.6800,23.2830
0.0030,-56.6050,12.0600
-7.6780,-104.6120,70.0620
-2.3450,-58.9610,43.6650
-3.1690,-101.9050,71.9070
-1.6990,-55.2570,23.6380
-2.8810,-60.6470,52.7030
-0.7770,-71.2670,48.1540
-2.2050,-99.1820,46.1170
11.1100,-76.6850,37.9390
-1.6520,-94.3760,40.8110
-2.0340,-72.7170,35.8610
-2.2020,-93.3540,68.3390
11.6800,-66.6760,28.6440
12.3970,-59.6730,23.9800
1.7200,-76.4570,35.2230
4.9270,-61.7380,30.8780
14.9770,-74.8010,34.0330
-1.6050,-93.4490,45.0740
-1.9670,-108.5460,48.3110
-2.4610,-64.5540,37.3790
0.3190,-82.1330,46.7800
-1.0700,-57.2340,26.9780
-1.7630,-78.6990,42.6990
-1.0350,-104.9970,60.4900
-3.0140,-101.6930,51.2480
-3.0630,-62.3030,30.7420
-3.0660,-76.5410,33.6270
-3.1320,-52.0740,16.9160
-3.1280,-65.8510,33.7870
-2.3040,-55.2190,27.3930
-3.2420,-55.4510,22.9730
-4.1520,-58.3140,20.9910
-4.3340,-60.4070,15.7750
-0.4520,-70.8910,48.6210
-4.7030,-56.4790,22.2300
-5.6350,-60.2270,19.7530
-4.0400,-53.5300,19.5980
-5.8690,-55.6240,20.3990
-3.0290,-59.1100,30.6690
-2.7090,-64.2190,33.2520
-1.6090,-59.0190,26.1890
-0.8340,-96.1240,60.5200
-3.3180,-59.9450,27.6170
1.0530,-54.9430,31.0180
-3.6950,-186.8020,77.6060
-0.2730,-73.5730,31.2240
4.0580,-70.1470,42.4160
1.4360,-96.5780,45.5830
-0.2350,-56.5260,26.8860
1.6160,-66.8910,28.0250
2.5050,-55.4640,22.6640
13.6110,-120.3860,51.4480
-1.3910,-84.7790,40.7030
-0.2680,-66.0530,36.5510
1.5330,-72.6910,35.0450
71.5700,-73.1420,7.6570
0.0230,-73.5780,31.1010
13.2360,-154.8170,101.7520
9.9360,-77.1250,47.5790
-0.0950,-57.5090,24.1160
2.9240,-71.2430,39.0600
0.1260,-61.6290,23.9230
1.1540,-68.8650,34.3370
-1.5830,-65.7020,41.0400
-0.8590,-65.9680,29.4830
14.1230,-143.9680,86.5330
-1.1060,-55.6070,25.5430
-2.5050,-65.2310,35.7610
1.0750,-63.8190,36.1340
2.3960,-99.1120,49.4850
0.2490,-59.9580,27.5310
-0.9180,-72.3030,28.0440
0.7540,-108.2470,84.6970
-0.3950,-65.4950,23.7500
6.9790,-59.7720,24.9280
0.3670,-83.5480,50.5390
-1.1740,-72.0410,31.6220
0.6100,-121.3120,57.3810
0.2530,-52.8160,18.1080
31.6390,-112.1290,11.4490
0.6660,-50.8130,20.9670
-3.1390,-128.1660,95.0790
-1.2810,-58.5530,28.7530
-0.6520,-75.3040,37.6700
-27.1940,-136.8620,79.2430
-0.7120,-113.8120,55.8390
0.0610,-104.3830,57.1580
4.0710,-70.9390,35.8180
-3.9410,-75.8840,37.2620
1.7310,-71.8920,34.0580
-2.6900,-76.1320,46.9710
-0.4570,-73.8930,34.9820
-0.8680,-78.8400,30.3260
1.2370,-54.0870,22.4900
-2.9100,-64.0890,46.4090
5.9060,-64.6380,33.5060
1.2380,-88.1260,46.6600
12.6490,-140.9670,83.3220
0.1440,-61.2470,26.5880
-1.3790,-102.3890,54.0710
-1.7510,-91.0770,62.8260
-0.8840,-65.3620,32.6990
-4.0830,-98.3300,48.5860
0.8550,-59.2600,22.7790
-1.0190,-61.4970,34.8760
-0.3930,-61.3770,30.7720
-2.2690,-58.6970,27.4680
-0.8360,-53.3750,21.4770
-1.5090,-62.6350,42.0320
0.8380,-70.0330,27.7490
-2.1600,-110.9180,62.2930
0.1290,-72.8390,45.3090
-1.7600,-152.3500,110.2280
0.0440,-56.9400,24.7330
1.2560,-56.9080,22.7430
9.6950,-50.0550,6.2280
5.2190,-74.6950,40.1090
5.3350,-51.4730,11.6610
13.8210,-134.8840,32.0220
12.5740,-101.4820,50.9360
-0.1660,-67.9510,42.2600
-0.6110,-64.7760,50.1460
0.4760,-50.7430,23.5370
0.2100,-64.4640,28.3930
-1.1470,-60.8300,30.7030
10.4350,-54.6220,16.4360
-1.0400,-91.3580,16.9880
-3.4060,-60.4440,29.4450
-0.1320,-110.2630,48.0360
0.1870,-61.3120,27.6690
-1.0770,-89.6960,48.5920
-1.7920,-54.0870,22.2650
0.0760,-56.1080,36.6210
-3.0480,-62.8650,43.0880
-1.5190,-132.0230,79.4580
-1.7000,-74.7170,53.3180
-1.3430,-111.7550,66.2800
-0.2370,-87.6500,48.8670
-0.8250,-73.0690,48.2570
-3.0530,-68.6820,42.3290
-3.8910,-264.1230,124.4950
-2.2460,-73.3050,42.1350
-1.4770,-111.9170,70.3550
-0.3900,-77.3440,55.2650
-4.3820,-59.7080,35.6640
-10.7950,-100.3710,69.3850
-1.3780,-114.5180,69.8470
0.0190,-63.3690,28.7100
-3.4280,-81.6720,48.5950
-4.4200,-51.8630,25.1820
-7.5590,-57.9110,27.5920
-1.2700,-77.8910,54.2640
-3.2450,-58.4380,30.4200
-2.5060,-121.8530,77.1650
-4.8770,-58.0360,29.3090
-3.5290,-60.6220,44.4980
-5.7470,-86.9800,64.7320
-2.7190,-115.8470,69.9960
-0.7910,-61.3950,40.3470
-0.9220,-69.7930,42.1870
-0.9300,-89.4660,49.1440
10.1180,-67.2430,30.0300
-0.8630,-59.4960,23.7980
0.5590,-51.1800,14.6000
2.6820,-66.2310,30.9570
0.5210,-56.9460,18.8660
15.9440,-89.1840,44.9230
-0.7130,-60.6770,23.8560
3.7190,-71.7060,36.4820
4.9550,-52.1180,16.8340
21.8310,-88.0750,44.1890
-1.7720,-85.4760,74.5590
15.7850,-79.0610,35.1750
-1.7640,-79.6410,61.8110
1.0790,-56.0120,11.0390
0.9510,-52.0860,16.3640
2.2920,-75.5210,47.6290
-1.3530,-65.1770,40.6820
-4.7310,-84.9640,54.0480
-2.9170,-56.9580,21.1330
-0.6680,-59.5630,27.9120
0.7350,-83.8840,50.1990
-2.6010,-59.9280,29.3370
-3.9630,-57.8410,24.4510
2.8720,-62.7730,27.0970
1.1190,-61.5890,33.1580
3.4750,-80.7560,42.6500
-1.4500,-64.2880,53.3710
-2.2550,-63.8100,41.8760
4.7590,-62.7680,29.8150
-2.2040,-62.1860,29.9180
-3.4110,-63.9500,35.4440
6.2640,-57.6580,31.1410
-2.4540,-58.4740,26.2740
-0.3930,-55.6700,29.1720
1.1750,-67.8740,26.2910
22.4200,-63.7890,20.3440
9.1250,-67.4840,16.2580
-3.3810,-68.4500,49.1180
-1.7010,-76.1920,46.2300
-4.3560,-84.3000,52.0840
-3.6550,-64.4900,49.4710
0.9320,-71.0440,50.1500
-3.6880,-72.5060,45.8540
-4.9740,-71.0820,43.5870
-2.8350,-66.9170,49.2010
1.5070,-60.1940,28.5610
-1.8080,-86.0670,72.5910
-7.2490,-67.1710,51.9660
-7.5740,-72.1590,46.0430
-2.8270,-80.1980,57.0440
-0.3260,-59.4410,35.8610
-1.9910,-88.8660,40.7370
0.3470,-58.0680,26.4740
-0.9580,-111.5730,55.5840
-0.5910,-71.0770,38.7470
16.4600,-95.1800,40.0790
-1.2250,-64.1950,23.2740
8.0160,-72.0470,32.1200
0.9910,-54.8190,24.5120
-7.7980,-69.5940,42.6600
-1.3310,-67.2550,35.5080
-2.4480,-60.4100,34.5450
-1.3570,-63.7780,28.2910
-0.8050,-58.8670,29.3590
-1.5230,-61.4210,43.2530
-1.7070,-71.7610,39.4210
-1.0500,-69.5980,32.7360
1.5790,-95.7430,43.8290
-0.0750,-83.6340,49.6390
0.5370,-83.6410,49.0750
3.9370,-69.4130,29.4160
-1.8360,-135.2730,62.3140
1.5380,-58.1390,27.3740
0.3930,-67.8760,34.2280
-2.8330,-128.1470,60.1490
0.1900,-64.4020,35.9530
-0.5760,-55.4070,21.4270
0.3270,-67.9910,40.0420
-1.8170,-57.2020,30.5240
1.0790,-62.6560,33.0530
-0.3640,-54.0440,23.3500
-0.1240,-99.9070,58.9800
-4.4360,-63.4260,37.2470
-3.1010,-74.8150,44.7350
-5.5980,-57.5240,30.0150
-0.6230,-58.8800,33.3030
0.1300,-57.9370,28.5930
3.3820,-76.1050,42.5400
0.0180,-47.8270,21.9780
0.8860,-87.7290,52.4230
-1.0640,-64.3830,38.1870
-2.7990,-89.2730,46.0590
3.1490,-73.0950,37.2010
-1.1510,-85.2230,42.0040
-0.3300,-107.9800,59.8320
-2.9290,-101.4950,60.0190
-12.6260,-62.6760,39.1160
-0.9860,-54.7850,23.3290
0.7230,-85.0990,49.8780