"wnnUMAP_1","wnnUMAP_2","Depth","latency","onset","cellType","layer","layerCellType","width","ratio_p2t","pc1","pc2","pc3","pc4","pc5","juxtaData.WF.weight","juxtaData.ISI.weight","width.1","ratio_p2t.1","log.width","log.ratio_p2t","region","log.latency"
0.11819248761588,-2.06906136451668,838,0.0084,60.5062825223926,"E  ","5  ","E-5",0.721,3.78568582002517,0.285621665647998,-0.549380668803076,1.59940869632255,0.445853448737904,0.673259195109495,0.377889098223995,0.622110901776005,721,3.78568582002517,-0.327116141697188,1.33122706466996,"1",-4.77952357313287
1.78347139920646,-3.62806281028694,590,0.00635,27.5282409948575,"E  ","4  ","E-4",0.994666666666667,5.48136236922227,1.66847900317764,0.768667477238593,0.813878387016901,0.186471024353114,0.837449689750535,0.79262334991715,0.20737665008285,994.666666666667,5.48136236922227,-0.00534760632659535,1.70135367758451,"2",-5.05930046607754
2.7850931223815,-3.25954040466255,528,0.00665,10.7624292780875,"E  ","4  ","E-4",0.652857142857143,7.30780973251031,1.63132777195327,0.87907186496532,0.417926364865728,0.0862495968085075,-0.601726169194702,0.521232168556548,0.478767831443452,652.857142857143,7.30780973251031,-0.4263969441492,1.98894360266921,"3",-5.01313842431437
2.64689856137687,-3.84954437194771,590,0.00455,27.1622649430248,"E  ","4  ","E-4",0.706666666666667,4.95764162854183,0.90615617565742,0.750231940396193,0.707173024816313,-0.177803369401533,0.192425166081891,0.761988204672865,0.238011795327135,706.666666666667,4.95764162854183,-0.347196199984189,1.6009301495447,"4",-5.39262804601928
3.07511835660392,-1.86669084011024,548,0,0,"E  ","4  ","E-4",1.15333333333333,10,3.06558694544045,2.12022249394077,1.63188359282447,0.1714843339947,0.0190607585328173,0.507958170464535,0.492041829535465,1153.33333333333,10,0.142656300401523,2.30258509299405,"5",-Inf
1.21508484448844,-3.19836267410225,459,0.02275,3.69288229748783,"E  ","4  ","E-4",0.803846153846154,4.89568782404682,2.19480004228257,-0.956939905858538,-1.34602383758614,0.725426311410318,0.383936550105983,0.825839097661741,0.174160902338259,803.846153846154,4.89568782404682,-0.218347379050716,1.58835478174883,"6",-3.78319013358518
1.06005983914786,-3.49645599304146,546,0.0088,23.6532643955486,"E  ","4  ","E-4",0.748,4.5457138587252,1.14294742869068,0.375688096286238,0.133691519275102,0.00380737045010863,0.393522406712294,0.862233448395865,0.137766551604135,748,4.5457138587252,-0.29035230100766,1.51418477992209,"7",-4.73300355749798
2.98890190686637,-3.58082803665108,487,0.004,41.7577969366277,"E  ","4  ","E-4",0.525,3.06123296551286,-0.00132504035018975,0.934472658631432,-0.0651772307974651,-0.402505742341475,0.235734378100917,0.613681007746152,0.386318992253848,525,3.06123296551286,-0.644357016390513,1.118817764716,"8",-5.52146091786225
2.38800936307364,-2.97135981498665,570,0.00645,19.7720126057305,"E  ","4  ","E-4",0.66,4.59991044433904,0.911798546887123,0.49978208541313,0.377854122316367,-0.255836327353301,0.125512964056775,0.436350829165479,0.563649170834521,660,4.59991044433904,-0.415515443961666,1.52603683468358,"9",-5.04367514817446
-0.0181338254029191,-1.89811089216179,497,0.0159,8.02896557134809,"E  ","4  ","E-4",0.649761904761905,4.34094448711639,1.40742888187372,-0.427263224502885,-0.776679085282856,0.150400737741721,0.120361036782122,0.346193374406665,0.653806625593335,649.761904761905,4.34094448711639,-0.431149283563121,1.46809194819524,"10",-4.14143616975595
-0.347528642755214,-3.09283360420174,542,0.01255,21.6410722226095,"E  ","4  ","E-4",0.906333333333334,2.99442489582353,1.30126790781734,-0.133845210887846,-0.240584460137015,0.0307777863193561,1.19557234766814,0.00327218547984183,0.996727814520158,906.333333333334,2.99442489582353,-0.0983481230177758,1.09675219170107,"11",-4.37803461340434
1.37617235745841,-3.62651547370857,520,0.00595,11.8606637409517,"E  ","4  ","E-4",0.798461538461539,3.35969655460373,1.02261374847168,0.644033555647569,0.111309735068862,-0.576165280914044,0.766486133805321,0.848704248421634,0.151295751578366,798.461538461539,3.35969655460373,-0.225068479723794,1.21185065876698,"12",-5.1243640594246
-0.799187845330898,-2.97003635345405,524,0.0085,65.9507794463623,"E  ","4  ","E-4",0.34235294117647,4.13240497157147,-0.256278145152788,0.402550613818777,-0.193754330505818,0.412659431657483,-0.406670451642851,0.511781721174392,0.488218278825608,342.352941176471,4.13240497157147,-1.07191308231287,1.41885955506364,"13",-4.76768911548587
0.385172181982335,-2.59676155029243,790,0.0095,85.0715940052647,"E  ","5  ","E-5",0.686535714285714,2.99873323253357,-0.168114753870255,-0.498895264794185,1.20782863863225,0.771296202431018,0.882656993836062,0.975691868606203,0.0243081313937965,686.535714285714,2.99873323253357,-0.376097031404481,1.09818994367087,"14",-4.65646348037564
-0.325191682916347,-1.82509776531166,700,0.00905,58.6540350760057,"E  ","5  ","E-5",0.890270270270271,3.01496101580811,0.593777264101471,-0.126735293906794,0.880879358294478,0.402085243538567,1.30706165347468,0.00793152355384281,0.992068476446157,890.270270270271,3.01496101580811,-0.116230187894729,1.10358690001533,"15",-4.7049905212703
-0.444718546014491,-2.1291128057093,685,0.0086,45.6697909155006,"E  ","5  ","E-5",0.536181818181819,2.80036924683692,-0.0203186657805098,-0.311600422255368,0.561701021352518,-0.0555918786136829,0.355241765208074,0.727026495258824,0.272973504741176,536.181818181819,2.80036924683692,-0.623281962405285,1.02975128235689,"16",-4.75599307572268
-0.559289640527431,-2.00310173211998,905,0.00415,14.9772419596771,"E  ","5  ","E-5",0.832901023890787,4.43766330102877,0.969668144549007,-0.368234793577016,2.33220053643618,-0.431042705495965,0.610001328424973,0.288937003508199,0.711062996491801,832.901023890787,4.43766330102877,-0.182840462733413,1.49012795435626,"17",-5.48464694473953
0.296155744451817,-2.74018510757393,750,0.00595,98.9895956040699,"E  ","5  ","E-5",0.701666666666667,2.24369431124382,-0.586486900313753,0.0468548550765671,1.23517414019822,0.62847391732357,1.16552659798995,0.792925005594413,0.207074994405587,701.666666666667,2.24369431124382,-0.354296821533765,0.808123753445082,"18",-5.1243640594246
2.43283777799064,-1.62904360471672,407,0.00705,3.60865448597315,"E  ","4  ","E-4",0.614,7.51938608433732,1.77786589741573,1.23214861711686,-0.237841841972836,0.0111039807517422,-0.790479939674448,0.489974743473648,0.510025256526352,614,7.51938608433732,-0.487760350834994,2.01748449690811,"19",-4.95472766215796
-0.25673598681039,-0.910916309341849,729,0.00425,22.7868760263007,"E  ","5  ","E-5",0.547692307692308,3.56975448514179,0.232851206172243,0.0225399603888878,1.17097658919573,-0.59241590201838,0.0923926715691806,0.85955592053846,0.140444079461539,547.692307692308,3.56975448514179,-0.602041632037652,1.2724968217577,"20",-5.46083629604581
1.08416300382071,-0.325499441012801,654,0.00665,14.0160905265907,"E  ","5  ","E-5",0.735882352941176,10,2.26820952832908,0.789434052750829,1.39827230311753,0.663079166484426,-1.02807961417108,0.649090982849035,0.350909017150965,735.882352941176,10,-0.306685019577397,2.30258509299405,"21",-5.01313842431437
-0.48369903002328,-0.981508794710101,728,0.0077,84.3231791690188,"E  ","5  ","E-5",0.451777777777778,3.54986788969291,-0.543877591300427,-0.148091169777814,0.937326959205156,0.616533211145328,0.112144594413583,0.646470813238322,0.353529186761678,451.777777777778,3.54986788969291,-0.794564862130064,1.26691038862385,"22",-4.8665349501225
0.767600351232823,-3.26742514549202,820,0.00865,6.89122972317001,"E  ","5  ","E-5",0.886666666666666,6.25035363793788,1.80884898239473,-0.39416121714852,1.76914986747739,0.093142714865483,0.274907557755363,0.855051649601765,0.144948350398235,886.666666666667,6.25035363793788,-0.120286165874502,1.83263804421767,"23",-4.75019595803835
1.32813006009513,-0.466257538184584,788,0.0077,44.5537449428345,"E  ","5  ","E-5",0.459565217391304,6.18826434834062,0.477597422289082,-0.251312443958948,1.45695653638641,0.431987676155673,-0.690446968301945,0.592490648181736,0.407509351818264,459.565217391304,6.18826434834062,-0.777474416047004,1.82265465131043,"24",-4.8665349501225
-0.29530496035165,-0.0677121537775407,653,0.0126,15.1038213899768,"E  ","5  ","E-5",0.291528662420382,3.77797407692287,0.246298738396225,-0.839295943607133,-0.0193102171679493,-0.231737241333305,-0.669828809069437,0.391053618853242,0.608946381146758,291.528662420382,3.77797407692287,-1.23261695068276,1.3291879074684,"25",-4.3740584650247
2.16346293057853,-2.20263310848183,419,0.0111,32.5507070687211,"E  ","4  ","E-4",0.654444444444444,3.23930837558023,0.740848661693238,0.40437376400286,-0.869458897713285,0.02923084759162,0.50498747416915,0.0150960105159175,0.984903989484083,654.444444444444,3.23930837558023,-0.423968579672724,1.1753598426904,"26",-4.50081017066385
-1.76187915239877,-1.67924007354683,698,0,0,"E  ","5  ","E-5",0.501081081081078,2.10381927919476,-0.0688491433312674,0.332990510541558,1.11956642537067,-1.54888100794305,0.22521994274623,0.785458833277346,0.214541166722654,501.081081081078,2.10381927919476,-0.690987352506521,0.743754397267528,"27",-Inf
-1.75516075525827,-3.01616784511513,880,0.00835,49.1709349922008,"E  ","5  ","E-5",0.558214285714286,3.74811881415685,0.0546544163807625,-0.845368501372123,1.68414610150683,0.16935529905704,0.198179298133338,0.890853421923933,0.109146578076067,558.214285714286,3.74811881415685,-0.583012365741819,1.32125406455591,"28",-4.78549374011937
-0.73081988726205,-1.51899218140549,978,0,0,"E  ","5  ","E-5",0.54218487394958,2.67953183162635,-0.040362061048746,-0.579496169983572,2.61792983571868,-1.41960656301973,0.19739485389517,0.34649855230517,0.65350144769483,542.18487394958,2.67953183162635,-0.61214823985452,0.985642089571084,"29",-Inf
2.25442677106315,-1.93822440086311,424,0.0066,2.51046149953018,"E  ","4  ","E-4",0.58,4.2149393971175,0.969583723476001,0.834567043483436,-0.491984611378867,-0.642793889633021,-0.0707057405410669,0.0455205836891214,0.954479416310879,580,4.2149393971175,-0.544727175441672,1.43863521344239,"30",-5.02068562994976
0.15241461362296,-0.656307067260207,608,0.0183,9.3596096685933,"E  ","5  ","E-5",0.606490066225166,5.33716542668279,1.55027694251429,-1.0120508088145,-0.32442464323589,0.497480125108885,-0.231212480714394,0.441125480385848,0.558874519614152,606.490066225165,5.33716542668279,-0.500066929585975,1.67469469306458,"31",-4.00085421913476
1.7192414339965,-1.60196384368843,445,0.00715,11.7863032993367,"E  ","4  ","E-4",0.548387096774194,4.88149080468956,0.952299392055877,0.793603665209499,-0.363341616185761,-0.347124562584306,-0.278572212702744,0.766223032291996,0.233776967708004,548.387096774194,4.88149080468956,-0.60077386042893,1.5854506659759,"32",-4.94064292227622
-1.61375779543466,-2.11179849086708,777,0.00705,106.308231425796,"E  ","5  ","E-5",0.508755364806868,1.77034135304705,-1.13538485904614,-0.308467587692231,1.12072926019914,0.648275354840515,0.799609287307542,0.774623226267582,0.225376773732418,508.755364806868,1.77034135304705,-0.675787997206007,0.571172382820479,"33",-4.95472766215796
0.311761194128331,-2.02987840352959,768,0.01175,10.4129147964442,"E  ","5  ","E-5",0.685384615384616,5.08721033047936,1.26962548867962,-0.798421919222148,1.0166533644238,0.0595524194104883,0.0413746885573138,0.539796156760092,0.460203843239908,685.384615384616,5.08721033047936,-0.377775115978818,1.6267296116498,"34",-4.44390203839197
-1.86277002726144,-1.35366156278557,703,0.01045,6.79966204220445,"E  ","5  ","E-5",0.373636363636364,1.63478293860806,-0.0811628628243161,-0.994605958114171,0.212119742108588,-0.858599317317532,0.0412472880639539,0.525903526958598,0.474096473041402,373.636363636364,1.63478293860806,-0.984472244290227,0.491510036274801,"35",-4.56115330057132
-0.188250249963466,-2.5971725839228,722,0.02315,4.38140847196499,"E  ","5  ","E-5",0.661111111111111,3.5091262032632,1.44395340490209,-2.17576131355814,-0.292539257452372,0.454362684530462,0.351749716377321,0.875550850235843,0.124449149764157,661.111111111111,3.5091262032632,-0.413833357778681,1.25536706154658,"36",-3.76576049844989
0.52160816754752,-0.0256969588846574,665,0.0211,3.40687241963128,"E  ","5  ","E-5",0.449034482758621,10,2.40340636839415,-1.1468278783649,0.125863765780452,1.34734413148288,-1.82561210034537,0.466368398813251,0.533631601186749,449.034482758621,10,-0.800655595171804,2.30258509299405,"37",-3.85848223850012
0.890881353277501,-0.164944555148543,994,0.0145,19.376332922729,"E  ","5  ","E-5",0.908260869565218,10,2.65502143607441,-1.21198950322788,2.62484397603534,1.38732882006672,-0.529490061062147,0.634722286822063,0.365277713177937,908.260869565218,10,-0.0962236403606751,2.30258509299405,"38",-4.23360662955561
-1.60238117609567,-0.444409098014296,650,0.00585,43.877201892019,"E  ","5  ","E-5",0.456843657817108,1.8147376702329,-0.464755960342144,-0.0301628474575381,0.438746614250049,-0.490614798524674,0.374851774966059,0.287627051303978,0.712372948696022,456.843657817108,1.8147376702329,-0.783414052052369,0.59594092296378,"39",-5.14131361773837
-1.54601950083322,-1.34434651909775,684,0.01175,64.5963908072091,"E  ","5  ","E-5",0.463701211305518,1.89598433018086,-0.455919707678924,-0.72862384150293,0.200766614727188,0.279859006170527,0.470369881599222,0.509566329186212,0.490433670813788,463.701211305518,1.89598433018086,-0.768514875326935,0.639738139126137,"40",-4.44390203839197
0.0986421641295516,-0.0884304898828874,589,0.01245,70.1122028868162,"E  ","4  ","E-4",0.275354609929079,8.55302694533451,0.648750952790247,0.17852624937016,0.258839358286783,1.51099934540859,-1.65379838571538,0.684732414679226,0.315267585320774,275.354609929079,8.55302694533451,-1.28969552134342,2.14628524898939,"41",-4.38603465607142
1.90822249020987,-0.78904471872753,723,0.0057,93.8381393691754,"E  ","5  ","E-5",0.724074074074074,10,1.22430551445282,1.0165111600857,1.9469805498696,1.91708343870526,-0.71243539711359,0.745684108747694,0.254315891252306,724.074074074074,10,-0.322861579572954,2.30258509299405,"42",-5.16728910414163
0.30398874844962,-0.377394403800429,557,0.00285,5.99685785633865,"E  ","4  ","E-4",0.51695652173913,6.18881258275863,0.994778500129752,0.992500925951007,0.642196524387211,-0.520515277034153,-0.713677632701317,0.556491048539474,0.443508951460526,516.95652173913,6.18881258275863,-0.659796505226459,1.8227432399847,"43",-5.86043628470158
-0.702711290460292,-0.472201134547652,713,0.0076,86.5385688564817,"E  ","5  ","E-5",0.39775,3.01290680424114,-0.790342785469668,-0.163387387669077,0.780693178853492,0.524045514443829,0.109416792310101,0.398148768615429,0.601851231384571,397.75,3.01290680424114,-0.92193161176424,1.10290532845211,"44",-4.87960703168985
1.24668961133414,-3.60783990798897,446,0.0042,9.95868499436473,"E  ","4  ","E-4",0.691764705882353,6.8961851768273,1.58083286937956,1.43043411983424,0.175596852071,-0.152890287520354,-0.403470833054926,0.862004529068971,0.137995470931029,691.764705882353,6.8961851768273,-0.368509401585736,1.93096838578904,"45",-5.47267075369281
-1.34495753679818,-2.09906801162666,622,0,0,"E  ","5  ","E-5",0.538363636363635,3.27577274675272,0.311454461824488,0.755376790352123,0.88566757216361,-1.32385495536688,0.0345001536817635,0.53230409838671,0.46769590161329,538.363636363635,3.27577274675272,-0.619221043118973,1.18655379446157,"46",-Inf
1.44182377423697,-0.382885064467848,754,0.02275,3.63156213551271,"E  ","5  ","E-5",0.527058823529412,5.12734340769951,1.50101506606388,-2.14697981437286,-0.0185602582646018,0.637799488095193,-0.40969930129412,0.74337830562857,0.25662169437143,527.058823529412,5.12734340769951,-0.640443117069377,1.63458767080025,"47",-3.78319013358518
-0.40640468035287,-0.648493375167311,611,0,0,"E  ","5  ","E-5",0.510227272727274,3.77580683743398,0.371542091901918,0.833334725447796,0.864707347750841,-1.24880184021722,-0.164410062920273,0.369764432062374,0.630235567937626,510.227272727274,3.77580683743398,-0.672899019729996,1.3286140916342,"48",-Inf
-2.05223054323739,-0.455502714499892,739,0.0056,40.23843016774,"E  ","5  ","E-5",0.419679487179488,2.25618410319212,-0.467485315245256,-0.308864466594932,0.922469612965009,-0.505639174735857,0.151675414206711,0.41764546579985,0.58235453420015,419.679487179488,2.25618410319212,-0.868263984796536,0.813674936331099,"49",-5.18498868124103
-1.39407724772042,-1.99602862773842,809,0,0,"E  ","5  ","E-5",0.536265984654727,2.2065615919974,-0.0471187607203768,-0.031537662649907,1.71272689032708,-1.51076712946182,0.295720850006666,0.793619752849312,0.206380247150688,536.265984654727,2.2065615919974,-0.623125000970222,0.791435463227479,"50",-Inf
0.614982896704015,-0.173493351325453,669,0.005,7.46308251772256,"E  ","5  ","E-5",0.783766233766234,10,2.3638090564512,0.925331660852668,1.62226085884396,0.463939843386698,-0.930050213003559,0.470454282507707,0.529545717492293,783.766233766234,10,-0.243644474310143,2.30258509299405,"51",-5.29831736654804
2.1094306048339,-1.21434872923797,400,0.0138,13.8935984543876,"E  ","4  ","E-4",0.845,10,2.94564407151529,0.928379771169153,-0.363552122982433,1.20285672281292,-0.732545241652349,0.492839972883526,0.507160027116474,845,10,-0.168418651624963,2.30258509299405,"52",-4.28308668681898
-1.01491875086373,-0.747190352067412,730,0.01065,110.721801644045,"E  ","5  ","E-5",0.423790849673203,2.84293815500051,-0.944782806180547,-0.470177582194929,0.66998611084088,1.11899079336811,0.329924707175727,0.857009481531208,0.142990518468792,423.790849673203,2.84293815500051,-0.85851522452496,1.04483807900296,"53",-4.5421953868267
0.139591508764561,-0.811716671571196,621,0.00895,78.0759385621395,"E  ","5  ","E-5",0.596842105263158,5.51281848031383,0.370530044055686,0.360884469207686,0.59480210838101,1.01708337746557,-0.0116763349604026,0.530518191352697,0.469481808647303,596.842105263158,5.51281848031383,-0.516102680866835,1.70707601331069,"54",-4.71610174669537
-0.405300325494472,-0.848162661776007,656,0.00875,114.998877751158,"E  ","5  ","E-5",0.521413793103446,3.65887326023603,-0.65084308066792,0.181831601366395,0.602826442844672,1.24956403818451,0.405095516861252,0.913759434123381,0.086240565876619,521.413793103446,3.65887326023603,-0.651211323855946,1.29715524762247,"55",-4.73870157861261
1.59378128613883,-0.931200291499556,427,0,0,"E  ","4  ","E-4",0.749512195121952,10,2.33292352673352,2.31635747433674,0.755887744327062,-0.0282983475430722,-1.06347094644524,0.803046419275279,0.196953580724721,749.512195121952,10,-0.288332690561914,2.30258509299405,"56",-Inf
1.2298009928649,-2.35176094947761,808,0.01495,32.7333370140694,"E  ","5  ","E-5",0.613225806451613,4.50352788274849,0.840745304009062,-1.31641632384725,0.898302005884525,0.512993842459127,0.0936408971737745,0.628625474116612,0.371374525883388,613.225806451613,4.50352788274849,-0.489022047984809,1.50486106357333,"57",-4.20304397914544
0.947558217901524,-0.716403509959639,682,0.014,62.9344783348988,"E  ","5  ","E-5",0.638703703703703,6.78177089021206,1.0782698154847,-0.349993089728701,0.64694822337829,1.36319662435955,-0.272228172096942,0.649005601911933,0.350994398088067,638.703703703703,6.78177089021206,-0.448314619615525,1.9142382610939,"58",-4.26869794936688
-0.577455705743495,-0.78872182546562,682,0.0137,25.5153091041138,"E  ","5  ","E-5",0.517079646017701,3.26659963031296,0.491352445910805,-0.947068632372882,0.153788582254076,0.0366511695744263,0.106978585264722,0.455736891318929,0.544263108681072,517.079646017701,3.26659963031296,-0.659558362145992,1.18374957546508,"59",-4.29035944614806
-0.245219415765468,0.921681318893968,445,0.00595,71.435006327164,"E  ","4  ","E-4",0.192577319587629,3.63190962922174,-0.784755890353338,0.863905870986101,-0.536546371628144,0.163143936172955,-0.66412441727586,0.887934475433937,0.112065524566063,192.577319587629,3.63190962922174,-1.64725754570269,1.28975857860728,"60",-5.1243640594246
2.57163315381461,-1.40440037427849,490,0.00615,11.6200063457132,"E  ","4  ","E-4",0.655555555555555,10,2.22004358565342,1.37521821476836,0.553982314152712,0.545644319961433,-1.2565446011665,0.459143598857902,0.540856401142098,655.555555555555,10,-0.422272226424546,2.30258509299405,"61",-5.09130319716371
0.104445272344884,1.34321871818596,549,0.0251,8.92581595055658,"E  ","4  ","E-4",0.537333333333333,8.30567258030093,2.38375281449491,-1.30723505341638,-0.88050493536611,1.45421144515931,-1.14435161083942,0.531006003582322,0.468993996417678,537.333333333333,8.30567258030093,-0.621136644583673,2.11693872477121,"62",-3.6848874328444
-1.1681367817933,-2.17403634963936,621,0.0102,51.2048403916408,"E  ","5  ","E-5",0.517049180327863,2.44455272335578,-0.0947164405210615,-0.293825779186388,0.0743367430760132,0.0726898245908282,0.416758261250898,0.843333604077159,0.156666395922841,517.049180327863,2.44455272335578,-0.65961728263843,0.893862170959335,"63",-4.58536755869191
-1.92758435640878,-0.685786660298766,781,0.0077,104.118686226168,"E  ","5  ","E-5",0.397179023508135,2.980781126696,-1.04447072501827,-0.340263133733406,1.14143593218591,0.818162397357377,0.193453401504784,0.439315251826016,0.560684748173984,397.179023508135,2.980781126696,-0.923368159111668,1.09218538922142,"64",-4.8665349501225
-0.387653059106532,-2.02298757015175,541,0.01105,2.82664352024246,"E  ","4  ","E-4",0.61328125,2.45333045245914,0.754482103605638,-0.273959109398387,-0.412042889181849,-0.624284471505528,0.461381240361301,0.317989744226834,0.682010255773166,613.28125,2.45333045245914,-0.488931639131255,0.897446469802615,"65",-4.50532485101837
0.15966444577628,-2.36224492965645,421,0.0265,3.67316076069801,"E  ","4  ","E-4",0.725714285714286,3.43586806084626,1.89703859695896,-1.46392271469062,-2.03456968796475,0.685626858734787,0.538742218636064,0.623360250101642,0.376639749898358,725.714285714286,3.43586806084626,-0.320598887464923,1.23426960432953,"66",-3.63061054598996
-1.2924363080079,-0.373870577201308,683,0,0,"E  ","5  ","E-5",0.474480286738352,2.43071687945812,-0.0410160093181327,0.407047021145371,1.06111798016718,-1.50400354846271,0.0731003423157449,0.258530153311699,0.741469846688301,474.480286738352,2.43071687945812,-0.745535207130588,0.888186225967621,"67",-Inf
2.25249558057242,-1.57242443738884,275,0.0097,49.726663376181,"E  ","23 ","E-23",0.525,5.36481229171144,0.779959788377024,1.31966649051321,-1.31712727290206,0.529119001397555,-0.29520416325766,0.290451192398354,0.709548807601646,525,5.36481229171144,-0.644357016390513,1.67986138790515,"68",-4.6356293934728
0.0598309573119247,-0.0340844052881608,608,0,0,"E  ","4  ","E-4",0.423661971830986,7.76374539869735,1.07290397418834,1.23303198171807,1.21526213754653,-0.580995634776888,-1.38062974176008,0.615913347980044,0.384086652019956,423.661971830986,7.76374539869735,-0.858819377959676,2.04946487222623,"69",-Inf
0.597212606329259,0.906883988991319,355,0.00825,54.8285343717888,"E  ","23 ","E-23",0.397375886524824,10,1.3678281029581,1.66253739267074,-0.38595242083213,1.27843623306453,-1.75923466074311,0.449276300637257,0.550723699362743,397.375886524824,10,-0.922872628800972,2.30258509299405,"70",-4.79754207863555
2.65968494977408,-1.77180358348793,460,0.00285,6.40391015437354,"E  ","4  ","E-4",0.60375,10,2.06104681276669,1.81161593945395,0.615728339933827,0.204830540631802,-1.42200856845291,0.234405195214725,0.765594804785275,603.75,10,-0.504595074015355,2.30258509299405,"71",-5.86043628470158
0.422851854223546,-0.624046649321974,768,0.01085,15.48256545526,"E  ","5  ","E-5",0.64,5.95924409717102,1.27300984020557,-0.600681463132333,1.15752799673532,0.214505846635162,-0.274309518584496,0.567753899812084,0.432246100187916,640,5.95924409717102,-0.44628710262842,1.78494364370002,"72",-4.52359019899567
1.21537523831778,-0.729436035737456,237,0.0075,29.5708088637976,"E  ","23 ","E-23",0.637358490566038,10,2.19099052444395,2.19434639805668,-0.806482700686099,0.921813963025099,-1.22953882614005,0.726347435430722,0.273652564569278,637.358490566038,10,-0.450423002172467,2.30258509299405,"73",-4.89285225843987
2.08713989819938,-0.59822734771675,452,0.01125,35.3557224916355,"E  ","4  ","E-4",0.639047619047619,10,2.14223843668978,1.01828128347378,-0.00351088571342322,1.28320706359667,-1.19237267300289,0.869737230058584,0.130262769941416,639.047619047619,10,-0.447776306179887,2.30258509299405,"74",-4.48738715033171
-0.755456632714931,-1.70538982330269,728,0.00745,69.4591980258294,"E  ","5  ","E-5",0.568282208588958,2.6369630935836,-0.345753781998939,-0.220449868275107,0.911636274309016,0.246969520461369,0.584355891362452,0.465715804510664,0.534284195489336,568.282208588958,2.6369630935836,-0.565137137540825,0.96962791166593,"75",-4.89954124659067
2.18528967465812,-3.80852230964607,471,0.0044,44.4717936533972,"E  ","4  ","E-4",0.6225,2.61574144673416,0.091682743237664,0.965556133103123,-0.155039293978044,-0.361991210763374,0.618641225324439,0.630066133945893,0.369933866054107,622.5,2.61574144673416,-0.474011650643274,0.96154759336415,"76",-5.42615073805792
-0.430790132623378,-2.31793543277687,202,0.0104,17.2682501852935,"E  ","23 ","E-23",0.840222222222222,4.06423572785825,1.58448718895859,1.38940957791387,-1.72388032740351,-0.0404139212273737,0.72790070062911,0.455620887688561,0.544379112311439,840.222222222222,4.06423572785825,-0.174088871867478,1.40222571249615,"77",-4.56594947283481
2.02961378659659,-0.795522223696173,261,0.01005,25.5213965976404,"E  ","23 ","E-23",1.0325,10,3.12086722029581,2.02428725044668,-0.62933891920042,1.22431190984638,-0.186502596441205,0.777576913443536,0.222423086556464,1032.5,10,0.0319830458530507,2.30258509299405,"78",-4.60018264447705
-1.7184936467225,-1.07900918601459,840,0.0094,66.1363366384362,"E  ","5  ","E-5",0.410084388185655,3.25618717371612,-0.480618634440157,-0.886769113848794,1.28008901456793,0.362602310928055,-0.0024316126918676,0.672032749118661,0.327967250881339,410.084388185655,3.25618717371612,-0.89139231561975,1.1805569322731,"79",-4.66704558970618
2.27926045026236,-3.24957021652168,495,0.0075,8.19137553799114,"E  ","4  ","E-4",0.61,2.91430863507185,0.669649004282448,0.376854445643847,-0.312646699928154,-0.701561142970874,0.357475094634511,0.554852925925357,0.445147074074643,610,2.91430863507185,-0.49429632181478,1.06963261673957,"80",-4.89285225843987
1.46287232007438,-3.30683001457161,502,0.0137,14.3118329557531,"E  ","4  ","E-4",0.787142857142857,5.26240747750943,1.7176041573921,0.02165756729328,-0.381865776995968,0.333553401761297,0.285482860497903,0.624560521955416,0.375439478044584,787.142857142857,5.26240747750943,-0.23934552589049,1.66058861738305,"81",-4.29035944614806
1.56578951444083,-3.24061473785347,511,0.0106,5.55697303834221,"E  ","4  ","E-4",0.738235294117647,4.02700638392824,1.31859489611398,0.144639859632609,-0.274275593918529,-0.2697347502897,0.418189504829145,0.993248230212174,0.00675176978782562,738.235294117647,4.02700638392824,-0.303492678478423,1.39302326714947,"82",-4.54690127786412
2.60177069272452,-3.04894908843941,564,0.0092,4.14509826566367,"E  ","4  ","E-4",0.59,4.4939126370634,1.04830280541424,0.0764385638255888,0.0504566998296756,-0.377877634536079,-0.100657612845852,0.535481013033592,0.464518986966408,590,4.4939126370634,-0.527632742082372,1.5027237336684,"83",-4.68855179492714
2.1290724810546,-3.17430528579658,495,0.0096,14.9876489276416,"E  ","4  ","E-4",0.87,3.85405307580987,1.40371816879948,0.419701956523086,-0.192678349881237,-0.149459144840883,0.853170399873769,0.444699772326798,0.555300227673202,870,3.85405307580987,-0.139262067333508,1.34912534151382,"84",-4.64599218050835
2.07846766080314,-3.61341294227547,447,0.0065,21.4612917004623,"E  ","4  ","E-4",0.6875,3.85090366799804,0.86432103466563,0.874579489318127,-0.303891734903963,-0.347273631406465,0.389529256412241,0.566377056463564,0.433622943536436,687.5,3.85090366799804,-0.374693449441411,1.34830783971804,"85",-5.03595310208055
2.60817032422477,-3.25820096908516,450,0.0072,4.91275411712,"E  ","4  ","E-4",1.315,2.09405759700889,1.96009683037234,0.87884055866036,-0.14312254462068,-0.580114798777416,2.43134528500342,0.543394320398549,0.456605679601451,1315,2.09405759700889,0.273836665629728,0.739103617804974,"86",-4.93367425296013
2.62213020886832,-2.07609685836738,532,0.0078,9.42869883701004,"E  ","4  ","E-4",0.54,4.95904637055331,0.950864509424295,0.400041984693688,0.0231119421202755,-0.32944135165915,-0.328358328191762,0.566736620489094,0.433263379510906,540,4.95904637055331,-0.616186139423817,1.60121345825039,"87",-4.85363154528659
2.79626446332389,-2.11812611995643,448,0.0068,68.3067983334883,"E  ","4  ","E-4",0.515714285714286,5.14317506051098,0.264375936030592,1.0952815164628,-0.219094160101174,0.596779149828774,-0.185079581197442,0.45898657225419,0.54101342774581,515.714285714286,5.14317506051098,-0.662202376710524,1.63767060481176,"88",-4.99083266680008
2.98754768933707,-2.53325900016731,465,0.0075,30.6282626325142,"E  ","4  ","E-4",0.58,6.81385657980136,1.21922237237173,1.00027501460571,-0.0320634324372641,0.34954734231167,-0.588358325925439,0.401484122973396,0.598515877026604,580,6.81385657980136,-0.544727175441672,1.91895827114544,"89",-4.89285225843987
2.92279034223014,-3.14894374786323,555,0.0101,20.9249379588665,"E  ","4  ","E-4",0.52735294117647,3.10063564951199,0.463324887302241,-0.108486249398903,-0.225285383447822,-0.31615751265254,0.14951361367219,0.5,0.5,527.35294117647,3.10063564951199,-0.63988523699912,1.13160713870126,"90",-4.59521985513492
2.54239588345939,-2.83973046718544,515,0.0255,4.12023743210406,"E  ","4  ","E-4",0.59,3.97776891677964,1.63654126935779,-1.70085868926791,-1.5149925466836,0.656433012045764,0.0440510427013192,0.502484391780556,0.497515608219444,590,3.97776891677964,-0.527632742082372,1.38072108844272,"91",-3.66907682681776
2.49809723462516,-2.68254860816902,444,0.0071,53.9610719110159,"E  ","4  ","E-4",0.81,5.813823088499,1.18511212937251,1.25410175601597,-0.0214392937884146,0.64240686953801,0.374763495747398,0.387737281093643,0.612262718906357,810,5.813823088499,-0.210721031315653,1.76023837313898,"92",-4.94766049493487
1.69771414365226,-3.73410066543526,501,0.0072,52.4087216619427,"E  ","4  ","E-4",0.615555555555556,3.22130399724516,0.212889224551178,0.632320558704789,-0.147984348855092,0.0685341554855796,0.488665802633604,0.870569730025753,0.129430269974246,615.555555555556,3.22130399724516,-0.485230076577027,1.16978624566743,"93",-4.93367425296013
2.48689680661612,-2.52072473941749,443,0,0,"E  ","4  ","E-4",0.73,4.59561802754172,1.10016772056255,1.65211348797975,0.250601053196858,-0.999716847963498,0.218754891774789,0.489708762692236,0.510291237307764,730,4.59561802754172,-0.3147107448397,1.52510324677241,"94",-Inf
2.51461439694816,-3.60310872970528,477,0.0026,1.9672416627564,"E  ","4  ","E-4",0.635,2.692069818214,0.554543604160539,0.972153676897269,-0.0409663633033982,-1.17163537211198,0.446434287858665,0.585425226218337,0.414574773781663,635,2.692069818214,-0.454130280089445,0.990310346889701,"95",-5.9522438339547
3.07305746640616,-2.57903989730781,480,0,0,"E  ","4  ","E-4",2.308,10,5.42675337078614,3.03785873078388,2.05169143522514,0.732790186962915,3.10803554061436,0.489984148817615,0.510015851182385,2308,10,0.836381348645853,2.30258509299405,"96",-Inf
2.55297117795401,-3.77386506973213,467,0,0,"E  ","4  ","E-4",0.677777777777778,3.77490889135375,0.800226158153284,1.44542046102868,0.249984742698601,-1.17073380646546,0.281982239309026,0.582385082308505,0.417614917691495,677.777777777778,3.77490889135375,-0.388935806156954,1.32837624766901,"97",-Inf
2.44576435651236,-3.43534478126472,487,0.0026,1.8565750073898,"E  ","4  ","E-4",0.622857142857143,3.85367890608028,0.779378360729268,1.05687025820589,0.124350488581462,-0.972317594332312,0.126840839237215,0.720673162074149,0.279326837925851,622.857142857143,3.85367890608028,-0.47343809169437,1.3490282520637,"98",-5.9522438339547
3.45829897489005,-2.53220662055916,518,0.0238,3.16600604208191,"E  ","4  ","E-4",2.49609756097561,2.5437010823613,5.08757046832348,-0.562474351226871,-0.263368703698253,1.19699644957937,5.4930213629308,0.717062677849835,0.282937322150165,2496.09756097561,2.5437010823613,0.914728536672638,0.933620139502503,"99",-3.73806969830471
1.87801485623771,-3.62081250129646,486,0.0096,27.687519111506,"E  ","4  ","E-4",0.65304347826087,3.54756191969855,0.757913694883794,0.350128956459539,-0.39219890850113,-0.0993968226802171,0.403342911202522,0.986392523597423,0.0136074764025769,653.04347826087,3.54756191969855,-0.426111569593161,1.26626058436021,"100",-4.64599218050835
2.13994055356437,-3.14260229049629,550,0.0078,33.7124495653478,"E  ","4  ","E-4",0.695,3.58888647213068,0.665375079913751,0.387857541539265,0.111996556161003,-0.0946665336724709,0.530610854717366,0.641587840831075,0.358412159168925,695,3.58888647213068,-0.363843433417345,1.27784197949204,"101",-4.85363154528659
2.34874563779288,-3.1645246404261,477,0.0146,3.23840624666254,"E  ","4  ","E-4",0.97,2.37731688025889,1.6359041291582,-0.256175848827308,-0.781502794248148,-0.212989117731442,1.43952701959974,0.521913708267017,0.478086291732984,970,2.37731688025889,-0.0304592074847086,0.865972490497937,"102",-4.22673375026785
2.89334374036246,-3.32978805480903,477,0.0057,20.4062399962389,"E  ","4  ","E-4",0.54,4.36727510999583,0.641580556386085,0.826288925281337,-0.13518555042895,-0.399370742803556,-0.137695057267673,0.532713116032758,0.467286883967242,540,4.36727510999583,-0.616186139423817,1.47413926999932,"103",-5.16728910414163
2.71634178723746,-1.52180850087112,561,0.0136,10.7089553340481,"E  ","4  ","E-4",0.16,5.22272742412704,0.45046461962366,-0.564995754231578,-0.501304270848815,-0.0445203595197548,-1.3979048127839,0.534437929751947,0.465562070248053,160,5.22272742412704,-1.83258146374831,1.65301976048503,"104",-4.29768548624013
2.63417368497306,-1.95273997960991,467,0.0221,1.91098400905656,"E  ","4  ","E-4",0.57,9.7555825688078,2.77862718727879,-0.519165693058202,-0.897472799710236,1.40242430915988,-1.44999230458893,0.451061579785011,0.548938420214989,570,9.7555825688078,-0.562118918153541,2.27783969231321,"105",-3.81217767045843
2.59576922025138,-2.03460803209251,474,0,0,"E  ","4  ","E-4",0.71,10,2.22339699128417,2.12541512447608,0.9665130807833,-0.0464330238999037,-1.16848757443529,0.48197697649623,0.51802302350377,710,10,-0.342490308946776,2.30258509299405,"106",-Inf
2.67744808759147,-2.32955559669441,490,0.0186,1.64993103386728,"E  ","4  ","E-4",0.57,5.39562497659681,1.66852843393573,-0.676130854730393,-0.972943343879332,0.380158416010891,-0.378314767053654,0.499731164377221,0.500268835622779,570,5.39562497659681,-0.562118918153541,1.68558843567021,"107",-3.98459369826298
-0.240419096093837,3.58346739830071,777,0.00345,132.028676283003,"FS ","5  ","FS-5",0.173913043478261,1.12827980826709,-2.39771670781846,-0.0371288097798066,1.15435163840513,0.548188382429395,0.169921461405192,0.574937592691382,0.425062407308618,173.913043478261,1.12827980826709,-1.74919985480926,0.120694179289189,"108",-5.66938104793887
-1.55393309031076,4.21236792625481,801,0.0046,118.550882878769,"FS ","5  ","FS-5",0.216078838174273,1.34466552696099,-2.07573460725353,-0.270526695420723,1.21398248604607,0.463893205491972,0.172360433969229,0.504572345436415,0.495427654563585,216.078838174273,1.34466552696099,-1.53211194634362,0.296145303288683,"109",-5.38169897548709
-1.04843158159799,4.65684214653069,452,0.00415,95.8899557833474,"FS ","4  ","FS-4",0.209248554913294,1.28217503745317,-1.63121636572762,0.912281021316155,-0.558378330008267,0.0340907576127833,0.0650634051023108,0.502096832376779,0.497903167623221,209.248554913294,1.28217503745317,-1.56423247566606,0.248557883853325,"110",-5.48464694473953
-0.263419336419765,4.00092116416985,475,0.00305,107.801066530152,"FS ","4  ","FS-4",0.178853503184713,1.25513321750154,-1.89790125305612,0.992502247557177,-0.35998649836018,0.136443858740774,0.0413431866704771,0.592065803596555,0.407934196403445,178.853503184713,1.25513321750154,-1.7211882261907,0.227241716353913,"111",-5.79261368836282
-1.62272710238046,3.89240494789177,379,0.00465,68.067763876777,"FS ","23 ","FS-23",0.266853396901075,1.4015734986557,-1.09545016687671,1.0327314499505,-0.96128611837701,-0.345149518770522,0.0681467788751539,0.607098979120825,0.392901020879175,266.853396901075,1.4015734986557,-1.32105584665579,0.337595533098641,"112",-5.37088805938287
-1.11976260576791,2.37748375953728,804,0.00675,51.3057554444279,"FS ","5  ","FS-5",0.238255208333332,1.50779812835843,-1.1199272072347,-0.811939557679992,0.98030974126323,-0.462665501041683,-0.0986556727519129,0.661117460596263,0.338882539403737,238.255208333332,1.50779812835843,-1.43441287589629,0.410650393488437,"113",-4.9982127740977
-0.629035657983485,3.24129715980583,709,0.0061,66.6269568438842,"FS ","5  ","FS-5",0.180000000000005,1.43706371394617,-1.39775106481276,-0.367921312752028,0.53227109104719,-0.296817680188569,-0.172624756894134,0.978413900229306,0.0215860997706939,180.000000000005,1.43706371394617,-1.7147984280919,0.362601944281113,"114",-5.09946650780287
-1.47543925676889,2.54458609642082,574,0.00625,65.6593475280378,"FS ","4  ","FS-4",0.249146757679181,1.44688888076712,-1.15248827500077,0.133771790777411,-0.114222302357738,-0.270268388468274,0.00387668100148524,0.522435616005283,0.477564383994717,249.146757679181,1.44688888076712,-1.38971316786868,0.36941565186519,"115",-5.07517381523383
0.0233691271727645,3.65931502403313,449,0.00395,102.259462072675,"FS ","4  ","FS-4",0.169618181818183,1.0986350714937,-1.83198108038574,0.932378786954841,-0.592803080236316,0.0738159946149978,0.0317588804851912,0.538357589477898,0.461642410522102,169.618181818183,1.0986350714937,-1.77420535725364,0.0940685652232202,"116",-5.53403970006911
-0.341402715783778,3.52353039802605,640,0.00705,106.180086902941,"FS ","5  ","FS-5",0.190000000000001,1.36997105287816,-1.77318872548448,-0.0502041116493478,0.177643878173869,0.416166696651458,0.0427605788442238,0.604362661034699,0.395637338965301,190.000000000001,1.36997105287816,-1.66073120682165,0.31478961033079,"117",-4.95472766215796
-1.05240506563729,3.71975127281243,716,0.004,214.896322221118,"FS ","5  ","FS-5",0.237020316027092,1.74204577145163,-3.04741586094354,0.605353674086094,1.0517133733193,2.09917594840681,0.547446465109851,0.509339779678482,0.490660220321518,237.020316027092,1.74204577145163,-1.4396094198876,0.555060153315683,"118",-5.52146091786225
-1.46365136538095,2.89310470642143,285,0.00325,101.820305234653,"FS ","4  ","FS-4",0.218136645962732,1.39531196976067,-1.58777513266907,1.65848590046984,-1.30175236321381,0.0906403034649912,0.0831473421263236,0.6044926928178,0.3955073071822,218.136645962733,1.39531196976067,-1.52263359621755,0.333118024507958,"119",-5.72910028264049
-1.03267330561227,3.29189292015129,538,0.0048,54.8602275137197,"FS ","4  ","FS-4",0.150621118012421,1.30816080546044,-1.2902653482662,0.308019240470407,-0.28116071319946,-0.623296747877807,-0.274687075167488,0.748350931215026,0.251649068784974,150.621118012421,1.30816080546044,-1.89298774760098,0.268622185432971,"120",-5.33913936106829
-1.03018922243661,3.676449690476,544,0.0043,84.3376620892798,"FS ","4  ","FS-4",0.16,1.36249556706758,-1.62989454130559,0.492812727208685,-0.150244063570144,-0.154622469939764,-0.135233761703424,0.640584617488337,0.359415382511663,160,1.36249556706758,-1.83258146374831,0.309317994021591,"121",-5.44914025628262
-0.237118906121913,4.51505080284172,520,0.0038,174.169795201939,"FS ","4  ","FS-4",0.179537480063797,1.42570920477446,-2.63623926907095,1.07137570009809,-0.0604461872072296,1.3208370530224,0.291306702574661,0.55080917549263,0.44919082450737,179.537480063797,1.42570920477446,-1.7173712902662,0.354669377476257,"122",-5.5727542122498
-0.589392847161952,3.63703528465325,570,0.00435,147.893953947625,"FS ","4  ","FS-4",0.156747474747473,1.41968162352201,-2.38448335264094,0.69310033796156,0.0884939173966647,0.912128254583149,0.118882052491189,0.490333937128578,0.509666062871422,156.747474747473,1.41968162352201,-1.85311920966284,0.350432637687303,"123",-5.43757943388154
-1.34515613947457,3.30285111488396,249,0.00715,82.5528967040885,"FS ","23 ","FS-23",NA,NA,-1.92163360814483,0.963007051987296,-2.11007726359289,-0.314723082005504,-0.236174482885225,0.446006183716334,0.553993816283667,NA,NA,NA,NA,"124",-4.94064292227622
0.341797643560704,2.56673852027947,739,0.0115,132.687905505406,"FS ","5  ","FS-5",0.279347906632069,1.45784555535318,-1.76663106225439,-0.736435729211459,0.444436921115108,1.22527604191377,0.381962586950271,0.437244237936,0.562755762064,279.347906632069,1.45784555535318,-1.27529729681521,0.376959698862535,"125",-4.46540824361293
-1.54618663225717,3.68024626792961,313,0,0,"FS ","23 ","FS-23",0.229411764705883,1.50711333685347,-0.497158368582144,1.48340786682179,-1.06205731239651,-1.79682389235473,-0.360406149780914,0.717439780947088,0.282560219052912,229.411764705883,1.50711333685347,-1.47223679092061,0.41019612375307,"126",-Inf
-1.69706768427438,2.37740031303459,295,0.0079,34.5773378683767,"FS ","23 ","FS-23",0.282932692307692,1.43115159011568,-0.476151468054214,0.812272210207189,-1.67937606817452,-0.664625441365418,-0.0394879640697897,0.606974006766104,0.393025993233896,282.932692307692,1.43115159011568,-1.26254624599503,0.358479427958698,"127",-4.84089251950916
0.163473897833165,3.5689581972509,444,0.00345,176.547036011626,"FS ","4  ","FS-4",0.167839927239656,1.20435343113807,-2.701583365645,1.36327357799959,-0.443233633333352,1.28910418835197,0.323432943403898,0.465173273376805,0.534826726623195,167.839927239656,1.20435343113807,-1.78474456784439,0.185942851266872,"128",-5.66938104793887
-0.827384657006923,4.28230420173699,525,0.00355,132.967904237311,"FS ","4  ","FS-4",0.184108658743632,1.50680511547008,-2.13923410485376,0.903247270804602,-0.0741169718811322,0.637001680591993,0.1040815470499,0.51106926559263,0.48893073440737,184.108658743632,1.50680511547008,-1.69222915902113,0.409991591753056,"129",-5.64080767549481
-1.17915839586801,3.3115119081884,607,0.01195,39.4690487652515,"FS ","5  ","FS-5",NA,NA,-1.44907443922603,-1.07331403672139,-0.752285688636756,-0.688548908415176,-0.41274990954195,0.473380684361611,0.526619315638389,NA,NA,NA,NA,"130",-4.42702400060462
0.194849306005772,2.69591084541374,846,0.0035,86.2560464701927,"FS ","5  ","FS-5",0.247467532467532,1.49022869801109,-1.6759598067765,-0.418615578625063,1.50731647078105,-0.105517985132724,0.079402757216282,0.348004112798169,0.651995887201831,247.467532467532,1.49022869801109,-1.39647588752786,0.398929596777246,"131",-5.65499231048677
-0.530684656243984,3.86383572639519,530,0.0032,75.8476456543306,"FS ","4  ","FS-4",0.168429228998847,1.15159246791572,-1.59568768744596,0.613045650645299,-0.166649278961822,-0.405316891458504,-0.0989830363099086,0.549666750813018,0.450333249186982,168.429228998847,1.15159246791572,-1.78123962335848,0.141145739195865,"132",-5.74460446917646
0.404224687475499,2.88472119392449,729,0.00485,153.758328917281,"FS ","5  ","FS-5",0.247330739299611,1.25378785359143,-2.38954489305982,0.128954739123138,0.902664635186646,1.06242577954209,0.430760112497293,0.288800514485096,0.711199485514904,247.330739299611,1.25378785359143,-1.39702881254483,0.226169252134486,"133",-5.32877657403275
-1.11843580637521,3.79415980400139,597,0.0039,58.4520983013253,"FS ","4  ","FS-4",0.189064327485379,1.56750049942264,-1.27338635667283,0.269658348077255,0.144737022139685,-0.559660748450686,-0.220302348808399,0.848993725773697,0.151006274226303,189.064327485379,1.56750049942264,-1.66566796476532,0.44948231213582,"134",-5.54677872584654
-0.665630525689784,4.07855073036247,524,0.0063,116.997809195508,"FS ","4  ","FS-4",0.195517241379312,1.32907967961093,-1.85423406258363,0.500125720382211,-0.330775104607315,0.536306680917497,0.112061240186885,0.545233841278389,0.454766158721611,195.517241379312,1.32907967961093,-1.6321067122468,0.284486732494426,"135",-5.06720564558465
-0.336908525567714,3.89535990776116,240,0.00465,152.143173907456,"FS ","23 ","FS-23",0.164863883847551,1.36500145717842,-2.20549794131795,1.85515820998774,-1.59001159731111,0.989652745015658,0.167847437415547,0.569668795327426,0.430331204672574,164.863883847551,1.36500145717842,-1.80263509191555,0.311155496166331,"136",-5.37088805938287
-1.18396920595712,4.47690764488274,483,0.00315,158.762031888792,"FS ","4  ","FS-4",0.159877675840977,1.53195795782816,-2.47450503048289,1.20790742243052,-0.224228025179988,1.02877311363946,0.144145580207406,0.752119282124397,0.247880717875602,159.877675840977,1.53195795782816,-1.83334628214124,0.426546628270932,"137",-5.7603528261446
0.185295873541173,3.18359271110588,815,0.00835,175.042396026399,"FS ","5  ","FS-5",0.176204986149588,1.62069404385208,-2.61331525339499,-0.487622579926517,1.09243420429231,1.69030432680592,0.247648917588776,0.500916276549424,0.499083723450576,176.204986149588,1.62069404385208,-1.73610726764215,0.482854479628646,"138",-4.78549374011937
-0.975529617410365,4.5643366915136,446,0.0028,110.02108047981,"FS ","4  ","FS-4",0.149024390243901,1.34957072083135,-1.95476441018815,1.12840488195537,-0.492572925534338,0.157540872296048,-0.0528636814986448,0.573066725837465,0.426933274162535,149.024390243901,1.34957072083135,-1.90364529352081,0.299786557313155,"139",-5.87813586180098
-1.21581477556771,4.70613709510857,485,0.00255,61.4172277023135,"FS ","4  ","FS-4",0.165,1.48596842022682,-1.35775503529202,0.817307913098182,-0.334163548768909,-0.632831194084677,-0.254899099875313,0.590484508593555,0.409515491406445,165,1.48596842022682,-1.80180980508155,0.396066694540018,"140",-5.9716619198118
-0.615946001153652,4.36666098655754,555,0.00355,116.337491232086,"FS ","4  ","FS-4",0.166910994764399,1.50811786014396,-1.99757572292382,0.709128505043123,0.0375652932361897,0.353759019335322,-0.0141498071376562,0.594323572531041,0.405676427468959,166.910994764399,1.50811786014396,-1.79029457412461,0.410862423125834,"141",-5.64080767549481
-0.824796861749355,4.05176869453484,755,0.00385,131.938422561917,"FS ","5  ","FS-5",0.177254901960785,1.21745361839693,-2.3398494839916,0.006293822517027,1.02404274131762,0.591346608898054,0.156564564021788,0.559032382081444,0.440967617918556,177.254901960785,1.21745361839693,-1.73016645832023,0.196761479476404,"142",-5.55968213068244
-0.749330705743495,4.79630604805046,537,0.00255,231.562016099133,"FS ","4  ","FS-4",0.177606837606841,1.35526018802176,-3.3913814847801,1.41309907050111,0.210656123617762,2.17311218658401,0.552069037559896,0.616503043861147,0.383496956138853,177.606837606841,1.35526018802176,-1.72818294912665,0.303993456578319,"143",-5.9716619198118
-0.988723701577846,2.55693999351555,645,0.00515,81.8710474928733,"FS ","5  ","FS-5",0.257134670487105,1.587307140492,-1.38681289775647,0.103390814459557,0.376301489332206,-0.0469073953144505,0.0609785766371483,0.557644840199551,0.442355159800449,257.134670487105,1.587307140492,-1.35815532165459,0.462038958100399,"144",-5.26875856430649
-0.439269727807704,4.47513905586296,525,0.00305,146.445689636794,"FS ","4  ","FS-4",0.192091412742381,1.33255738053124,-2.34007906459168,1.00930644651405,-0.0257010305035557,0.798798995863217,0.226535704809592,0.549686935216413,0.450313064783587,192.091412742381,1.33255738053124,-1.64978391222459,0.287099938443084,"145",-5.79261368836282
-0.603042787652675,4.36874428810173,484,0.0038,112.28092663528,"FS ","4  ","FS-4",0.169962640099627,1.30116728845468,-1.93322800819387,0.89379446460874,-0.366207680952291,0.266712609394305,0.0266473000326368,0.616400010639178,0.383599989360822,169.962640099627,1.30116728845468,-1.77217663020339,0.263261775779602,"146",-5.5727542122498
0.100947671789464,2.84962025703484,755,0.00555,153.661206078455,"FS ","5  ","FS-5",0.221240199572346,1.20394849858489,-2.43965256360011,-0.0664827927968497,0.956659709808239,1.08827846219224,0.373999397841846,0.418355846575224,0.581644153424776,221.240199572346,1.20394849858489,-1.50850629179339,0.185606570710021,"147",-5.19395735122379
-0.42152566347665,3.59191266120964,345,0.00965,93.5333668515008,"FS ","23 ","FS-23",0.156660430308699,1.27671960474113,-1.41560181242551,0.612642375476643,-1.56303281314966,0.346374355507217,-0.0800945828378145,0.598321926908278,0.401678073091722,156.660430308699,1.27671960474113,-1.85367468027866,0.244293979519432,"148",-4.64079736363124
-0.0640665951783097,3.38923255027825,370,0.00695,96.5185060194249,"FS ","23 ","FS-23",0.175946248600228,1.32254396871522,-1.52886293695369,0.867458766227535,-1.20511379799298,0.22723067964082,-0.0294321890364283,0.553786736386933,0.446213263613067,175.946248600228,1.32254396871522,-1.73757673627032,0.279557130863231,"149",-4.96901361940544
-0.000571912866297986,4.84164515556389,554,0.0042,59.5609179457353,"FS ","4  ","FS-4",0.185238095238095,1.01755477114379,-1.37451770028925,0.330626819247182,-0.154042566703525,-0.621334137106073,-0.0902783972424431,0.550709030791434,0.449290969208566,185.238095238095,1.01755477114379,-1.68611328009307,0.0174024660198253,"150",-5.47267075369281
0.418528371710118,4.53523388923699,483,0.0043,126.427580991597,"FS ","4  ","FS-4",NA,NA,-2.70409150875024,0.66204327403858,-0.636188327278704,0.221358637811885,-0.044886898820759,0.47979464314901,0.52020535685099,NA,NA,NA,NA,"151",-5.44914025628262
-0.158237165551845,4.35014811576897,599,0.0063,60.4686896990592,"FS ","4  ","FS-4",0.216931818181818,1.23129472479457,-1.21745364602916,-0.0279711949049416,-0.0451151705534075,-0.406388569942408,-0.0512501607491885,0.50116202826649,0.49883797173351,216.931818181818,1.23129472479457,-1.52817217674055,0.208066237550684,"152",-5.06720564558465
0.489504629034337,4.07666150154167,563,0.0048,108.547899285946,"FS ","4  ","FS-4",0.187288135593221,1.01168734559464,-1.92775909817887,0.456302344042406,-0.0714554029413125,0.23279154362919,0.130565572588586,0.545906889265576,0.454093110734424,187.288135593221,1.01168734559464,-1.67510701594196,0.0116195760904366,"153",-5.33913936106829
0.691545301336583,3.6079887491613,517,0.0042,111.162571936555,"FS ","4  ","FS-4",0.225611510791367,1.81587198528701,-1.70051184364727,0.813503010778546,-0.141610440655396,0.395411303837608,0.0445908794155317,0.270850317262942,0.729149682737058,225.611510791367,1.81587198528701,-1.48894073764848,0.596565785011013,"154",-5.47267075369281
0.808265977758702,4.21779004158074,496,0.0043,104.496490534102,"FS ","4  ","FS-4",0.2,1.32727515254603,-1.76304745680557,0.77715572055046,-0.335140727397736,0.191785420862955,0.0674627293740269,0.698972988542412,0.301027011457588,200,1.32727515254603,-1.6094379124341,0.283128083174961,"155",-5.44914025628262
0.296143346685704,4.39314213813835,771,0.0054,89.2537786564551,"FS ","5  ","FS-5",0.199752066115702,1.42194955816033,-1.69559297579343,-0.393208216558559,0.948603998161933,0.0384387107575932,-0.0174298377585828,0.613958441087322,0.386041558912678,199.752066115702,1.42194955816033,-1.61067835088135,0.352028858290794,"156",-5.22135632541191
-0.129311746698085,4.74919596733147,604,0.0044,75.4454022285334,"FS ","4  ","FS-4",0.179733333333333,0.992907050305839,-1.60132755728022,0.196489600054467,0.102952082252229,-0.349926207390646,-0.0288329791738953,0.544853668306196,0.455146331693804,179.733333333333,0.992907050305839,-1.71628100805215,-0.00711822424684113,"157",-5.42615073805792
0.449598127264317,4.24666253150994,543,0.0044,113.036220178555,"FS ","4  ","FS-4",0.189952380952381,1.057181873487,-1.96869351444621,0.601611354243512,-0.126975413978669,0.288472597650975,0.145236283636938,0.651559376097638,0.348440623902362,189.952380952381,1.057181873487,-1.66098186480015,0.0556067578263185,"158",-5.42615073805792
0.646560006994542,4.23584309639031,517,0.0046,154.478343108478,"FS ","4  ","FS-4",0.234677419354839,1.6556102705226,-2.20934468731347,0.955373892284687,-0.110195345222629,1.11735614703254,0.29729401457959,0.830305763614072,0.169694236385928,234.677419354839,1.6556102705226,-1.44954339142759,0.504169684378033,"159",-5.38169897548709
0.534061723608311,4.28691330970818,525,0.0049,138.776526214616,"FS ","4  ","FS-4",0.231578947368421,1.2090725361585,-2.12187650851088,0.768120017005104,-0.169175698075976,0.796873564637786,0.331391348139403,0.798756962483572,0.201243037516428,231.578947368421,1.2090725361585,-1.46283443824222,0.189853566655498,"160",-5.31852007386556
-0.841407245736781,2.80636874260002,587,0.0116,27.5190996924332,"FS ","4  ","FS-4",0.199302325581395,1.33297592017646,-0.618476975865836,-0.753173762251528,-0.573234157012004,-0.576920938078475,-0.261151779455506,0.652817825464788,0.347182174535212,199.302325581395,1.33297592017646,-1.61293238308387,0.287413976649658,"161",-4.45675018086982
0.00386458005362389,2.48794499458367,672,0.0103,31.9620726854784,"FS ","5  ","FS-5",0.237333333333333,1.00056793211136,-0.775127216079463,-0.899400660834065,-0.0469422058976895,-0.631787217706329,-0.0581267387170253,0.297395680033205,0.702604319966795,237.333333333333,1.00056793211136,-1.43828965623827,0.000567770898956323,"162",-4.57561138374655
0.53400641049796,3.42108002723747,803,0.0084,91.3822271318045,"FS ","5  ","FS-5",0.188728813559322,1.48742544620196,-1.62572834703219,-0.845675846077173,0.880421860123115,0.28836260698142,-0.0500023271259161,0.511922322917533,0.488077677082467,188.728813559322,1.48742544620196,-1.66744414319639,0.397046736981225,"163",-4.77952357313287
0.524882131475743,3.11550847114617,685,0.0063,92.5648415918225,"FS ","5  ","FS-5",0.208421052631579,1.55105853197447,-1.59651662786192,-0.156080990188944,0.470713651022844,0.180773106209518,-0.0120204374304603,0.489374733654795,0.510625266345205,208.421052631579,1.55105853197447,-1.56819495390005,0.438937621699269,"164",-5.06720564558465
0.562369638342198,3.83148375572258,605,0.0055,155.472387878807,"FS ","4  ","FS-4",0.186744186046511,0.889143419049644,-2.50466198183755,0.428561936673514,0.151999028926372,1.03838301256142,0.364918421038729,0.511010898202879,0.488989101797121,186.744186046511,0.889143419049644,-1.67801558773489,-0.117496730214848,"165",-5.20300718674371
-0.526166147332851,4.18295851768547,515,0.0047,104.851313860019,"FS ","4  ","FS-4",0.189268292682927,1.04986004552987,-1.84528175505123,0.627585490871945,-0.306360856967039,0.171174728731699,0.109510778209209,0.520087170526839,0.479912829473161,189.268292682927,1.04986004552987,-1.66458973250918,0.0486568653139854,"166",-5.36019277026612
-0.484716123681728,3.18568793357903,556,0.0047,43.3727190500319,"FS ","4  ","FS-4",0.215135135135135,1.36561155777863,-1.02906726370263,0.246158699804382,-0.153545936498591,-0.778619491288973,-0.166030759674229,0.572508753068657,0.427491246931343,215.135135135135,1.36561155777863,-1.53648891278793,0.31160235597914,"167",-5.36019277026612
-0.688051885705653,2.60115328849846,652,0.008,32.6833100194766,"FS ","5  ","FS-5",0.245565217391304,1.5885585131884,-0.71992826921761,-0.487577028967111,0.0996695152402384,-0.670734470727916,-0.180987059499808,0.55318335892776,0.44681664107224,245.565217391304,1.5885585131884,-1.40419271573821,0.462827009546913,"168",-4.8283137373023
-1.69142550859994,-2.53179320274299,662,0.0114,50.5939125749236,"SOM","nan","SOM-nan",0.467080745341615,1.89147677723195,-0.28601347641434,-0.672775392791644,0.0951184640623971,0.023730342955616,0.418885293821613,0.948927936188995,0.0510720638110045,467.080745341615,1.89147677723195,-0.76125313402867,0.637357887580713,"169",-4.47414192358169
1.80575066174918,-2.31111582694954,642,0.0143,2.49484624989919,"SOM","nan","SOM-nan",0.38625,1.72655492630903,0.212118137906242,-1.22687906220882,-0.382870028791999,-0.64258587306555,0.0369687501953952,0.478701642527523,0.521298357472477,386.25,1.72655492630903,-0.951270450770182,0.546128051016371,"170",-4.24749574171628
-1.52751607332772,-0.0762983220667253,670,0.0138,7.84330645887906,"SOM","nan","SOM-nan",0.335714285714286,1.70243473432013,0.00409828356716511,-1.27614231084039,-0.229933110630839,-0.616737914393368,-0.0691753775503247,0.969866162531609,0.0301338374683907,335.714285714286,1.70243473432013,-1.09149482089925,0.53205942310562,"171",-4.28308668681898
-0.909409231286708,0.287951145783006,780,0.01155,16.3623418009908,"SOM","nan","SOM-nan",0.224936708860759,1.96722856587052,-0.423386153268838,-1.40343691425604,0.467919300953034,-0.635346853990699,-0.39475394493877,0.292086392445932,0.707913607554068,224.936708860759,1.96722856587052,-1.49193621030046,0.676625732895406,"172",-4.46106984201433
-1.39387244616098,2.77759162010246,954,0.00815,66.8330319866539,"SOM","nan","SOM-nan",0.193811659192826,0.958681278084821,-1.55055341356153,-1.52495869256104,1.56597772440509,-0.22412109376544,-0.0106181420028898,0.515774501031249,0.484225498968751,193.811659192826,0.958681278084821,-1.64086842038138,-0.042196607529609,"173",-4.80973735172937
-1.19917077456063,0.89327553333336,645,0.01275,23.401916751473,"SOM","nan","SOM-nan",0.25,1.90336039381848,-0.33358584663474,-1.02060847694737,-0.28333166770784,-0.437963737640324,-0.282030140809765,0.461376331706436,0.538623668293564,250,1.90336039381848,-1.38629436111989,0.643620952316508,"174",-4.3622240073777
-0.535855955224696,-2.73405214725441,630,0.01165,28.6743220470939,"SOM","nan","SOM-nan",0.643714285714286,3.20791034200361,0.644831177191494,-0.44081999890434,0.133587633050834,-0.00275774167918111,0.471016688043577,0.909302597582301,0.0906974024176985,643.714285714286,3.20791034200361,-0.44050030704526,1.16561974136047,"175",-4.45244909897043
-1.97907752428598,-2.15045389114326,589,0.01535,33.09374546955,"SOM","nan","SOM-nan",0.423513513513513,1.76883703008073,0.0142539842010431,-0.991440140820779,-0.650255057237401,-0.0380356626058503,0.259717328866402,0.666000863133636,0.333999136866364,423.513513513513,1.76883703008073,-0.859169856276295,0.570322285484845,"176",-4.17663980494893
-1.50230998430795,0.895977411881029,772,0.0098,63.4033042476843,"SOM","nan","SOM-nan",0.239375,2.85132149088701,-0.819648598925816,-0.847485650633978,0.746341893536409,0.188002435716572,-0.371808243051486,0.260166297667623,0.739833702332377,239.375,2.85132149088701,-1.42972391904723,1.04778256782672,"177",-4.62537289330561
-2.32288593683786,-0.178246225699843,302,0.0099,62.5108674989098,"SOM","nan","SOM-nan",0.402941176470588,1.21251697109625,-0.533359952412706,0.730215215968115,-1.69579645243599,-0.0432251428310972,0.459494162653413,0.883444213745739,0.116555786254261,402.941176470588,1.21251697109625,-0.908964691782082,0.192698340511959,"178",-4.61522052184159
-2.42246598635263,-0.0460329311937699,600,0.0137,26.0776198220874,"SOM","nan","SOM-nan",0.371818181818182,1.95833683289196,-0.0405046202188509,-0.880710048821185,-0.492845666044695,-0.259758188700156,0.0424028063999647,0.750559112220153,0.249440887779847,371.818181818182,1.95833683289196,-0.98935030274366,0.672095558369177,"179",-4.29035944614806
-1.84395045672006,0.579987798348009,312,0.01,27.2109063792212,"SOM","nan","SOM-nan",0.390384615384615,1.33846143689392,-0.11901832175544,0.525820566972457,-1.70797050438977,-0.60520605227451,0.241502406042026,0.712505036694952,0.287494963305048,390.384615384615,1.33846143689392,-0.940622832533686,0.291520772875094,"180",-4.60517018598809
-1.17339534197396,1.26681152404839,857,0.01415,36.9815524852099,"SOM","nan","SOM-nan",0.257692307692308,2.14146043499674,-0.504224002577448,-1.84683550855339,0.729172149297495,-0.0646437352977476,-0.256333291027431,0.602281969308203,0.397718030691797,257.692307692308,2.14146043499674,-1.35598901162456,0.761488042533362,"181",-4.25804065489289
-1.0540489617402,-0.0380147355646501,747,0.01795,24.977490883007,"SOM","nan","SOM-nan",0.296285714285714,3.03022455493146,0.135520724666399,-1.83095176308427,-0.0201264798479563,0.17361896949256,-0.422145104955655,0.415137080060658,0.584862919939342,296.285714285714,3.03022455493146,-1.21643103924798,1.10863672731366,"182",-4.02016516404785
-0.270010656457607,3.15762606681877,635,0.0079,103.559045747174,"SOM","nan","SOM-nan",0.228472222222223,1.32469617290046,-1.63700082126099,-0.1258359326304,0.102707519778965,0.44208389405174,0.146361265693213,0.505732821566795,0.494267178433205,228.472222222223,1.32469617290046,-1.47634064180467,0.281183129672771,"183",-4.84089251950916
-2.23690504465646,-0.84374032495922,539,0.02115,32.7634703392571,"SOM","nan","SOM-nan",0.404523809523807,1.47917831132568,0.186958064939229,-1.53182630776336,-1.39561308420618,0.295756030563243,0.284659848107974,0.613788654035235,0.386211345964765,404.523809523807,1.47917831132568,-0.905044682599533,0.391486738547969,"184",-3.85611537348985
-1.78964967165536,-0.809279139623106,740,0.01165,18.758275674143,"SOM","nan","SOM-nan",0.376470588235293,1.50442815237273,-0.218875494933845,-1.22356409205777,0.313743320375947,-0.598179518195203,0.134940249075316,0.367830427750921,0.632169572249079,376.470588235293,1.50442815237273,-0.976915353690592,0.408412860794928,"185",-4.45244909897043
-1.0736326638276,1.80105200828606,363,0.01215,30.9894087986101,"SOM","nan","SOM-nan",0.272666666666667,1.78718598636037,-0.245872344879455,0.0918704765314446,-1.6415589144232,-0.370048802055731,-0.164687328890418,0.704151743195396,0.295848256804604,272.666666666667,1.78718598636037,-1.2995052310475,0.580642308187672,"186",-4.41042610919558
-0.894912666421596,-0.0815672534555802,634,0.0185,11.694765742671,"SOM","nan","SOM-nan",0.43030303030303,5.15320135488789,1.12047477325031,-1.24057872319509,-0.340846183757624,0.432017530253926,-0.646512607390867,0.550963347830216,0.449036652169784,430.303030303031,5.15320135488789,-0.843265596859265,1.63961814385686,"187",-3.98998454689786
-1.19125360880441,-0.21074834047264,650,0.02395,17.6727378317426,"SOM","nan","SOM-nan",0.277074468085107,3.0279878868794,0.491005507877981,-2.22751313167738,-0.999200283198666,0.455518976045058,-0.499592434971194,0.335650001353319,0.664349998646681,277.074468085107,3.0279878868794,-1.28346897107285,1.10789833519712,"188",-3.73178695512521
-1.71313971911019,1.36652961792046,665,0.01325,22.4011207695195,"SOM","nan","SOM-nan",0.3035,1.75836723619844,-0.238537874539558,-1.13952688215762,-0.203123791115502,-0.419220251638961,-0.106552612634716,0.655452085734015,0.344547914265985,303.5,1.75836723619844,-1.19237366848258,0.564385671758437,"189",-4.32375772654991
-1.4794537488038,1.97409859718376,517,0.01645,20.8587666907983,"SOM","nan","SOM-nan",0.20748031496063,1.55055740362665,-0.232048903556152,-1.0692216701279,-1.28467454331446,-0.310760353515085,-0.317631539721996,0.665515968370297,0.334484031629703,207.48031496063,1.55055740362665,-1.57271881147122,0.43861448152809,"190",-4.10742980177076
-2.01424521837777,-1.41239383398002,250,0.0223,2.75844690647913,"SOM","nan","SOM-nan",0.486153846153846,1.83921911516906,1.01485236788651,-0.685103575359532,-2.89910833825511,-0.0253390888860065,0.280536659935048,0.822235254716608,0.177764745283392,486.153846153846,1.83921911516906,-0.72123014930277,0.609341087610445,"191",-3.80316860051606
-1.15283746157235,-1.05755198514468,736,0.00255,16.6512609746838,"SOM","nan","SOM-nan",0.436329787234043,1.88291931866988,-0.362304651481088,-0.0842395056058815,1.07528523365575,-1.16627591265517,0.182331858430944,0.183530283640276,0.816469716359724,436.329787234043,1.88291931866988,-0.829356928815291,0.632823401529154,"192",-5.9716619198118
-1.70004314814157,-0.543366159781874,484,0.01715,23.6939834643554,"SOM","nan","SOM-nan",0.428396946564885,1.9344581264899,0.312086960085928,-0.848201922940451,-1.31380064302394,-0.0400374355552914,0.191397676392194,0.264579656574462,0.735420343425538,428.396946564885,1.9344581264899,-0.847705067966892,0.659827249274068,"193",-4.06575710537019
-1.47774643335885,1.12806883873039,615,0.0121,10.749094838694,"SOM","nan","SOM-nan",0.3175,1.71979718679164,-0.0972098560585089,-0.877316512393481,-0.380373981188858,-0.693279119702953,-0.112302720674671,0.725125131436953,0.274874868563047,317.5,1.71979718679164,-1.14727746064939,0.542206369216856,"194",-4.41454982637944
2.26529627408439,-2.31392368255562,882,0.02385,1.56012324787784,"SOM","nan","SOM-nan",0.384444444444444,2.76384900365943,0.684465387262795,-3.08547076772454,0.192557096857304,0.192261883994431,-0.213687131935711,0.115471936646007,0.884528063353993,384.444444444444,2.76384900365943,-0.955955988266586,1.01662427476752,"195",-3.73597106164779
1.0858710345214,-2.16697308002418,600,0.0165,5.68102174860026,"SOM","nan","SOM-nan",0.55,2.60778686663017,0.813685977050859,-1.12509331792524,-0.558050100637258,-0.201790163575524,0.273294248774202,0.485527143732599,0.514472856267401,550,2.60778686663017,-0.59783700075562,0.958501917807026,"196",-4.1043948980756
-0.362292474847499,0.35568860591942,900,0.0116,23.1341997729623,"SOM","nan","SOM-nan",0.249117647058824,6.65856644011903,0.497734690691655,-1.27518725820038,1.59324224302587,0.330421157636284,-1.45684896540638,0.636235041164973,0.363764958835027,249.117647058824,6.65856644011903,-1.3898300159522,1.89590421215148,"197",-4.45675018086982
1.90926580991202,-2.47768196044868,560,0.0197,1.01529879210605,"SOM","nan","SOM-nan",0.415454545454545,1.38656553856155,0.488167575287808,-1.58918269266961,-1.23384456294617,-0.341764810207564,0.197373042453315,0.380827650326924,0.619172349673076,415.454545454545,1.38656553856155,-0.878382067892257,0.326829854023657,"198",-3.92713664323819
1.55176287259513,-1.88996639429039,698,0.00395,3.92113874178805,"SOM","nan","SOM-nan",0.475789473684211,2.98478202702395,0.18948777994235,-0.0257994469697025,0.896636745110606,-1.06601626295087,-0.0384937697153107,0.441613548649869,0.558386451350131,475.789473684211,2.98478202702395,-0.742779804762355,1.09352672140573,"199",-5.53403970006911
-2.16277498636788,-0.564219381198348,702,0.01415,54.5079936563395,"SOM","nan","SOM-nan",0.415291262135923,1.75819559761392,-0.377854802816967,-1.1622010267172,0.0416541541849227,0.230898124201308,0.333897976490655,0.624442369083783,0.375557630916217,415.291262135923,1.75819559761392,-0.878775168451378,0.564288054515253,"200",-4.25804065489289
-1.61671847734994,-1.76488980232185,441,0.01235,47.2756989877512,"SOM","nan","SOM-nan",0.483805309734514,1.79723335579453,-0.053000386837132,-0.0099704354562353,-1.09616305936486,0.0204942294137796,0.470133724407004,0.628775820691484,0.371224179308516,483.805309734514,1.79723335579453,-0.726072705805432,0.586248457909505,"201",-4.39409921590815
-0.665275282006923,1.48825160087639,728,0.0126,39.5361172000894,"SOM","nan","SOM-nan",0.306923076923077,2.6270351950216,-0.309781576693528,-1.11177823844853,0.287978710285112,-0.0221583262423126,-0.237057472497769,0.581004492373421,0.418995507626579,306.923076923077,2.6270351950216,-1.18115812655976,0.965855908033377,"202",-4.3740584650247
-0.996848053079311,0.266689692154466,928,0,0,"SOM","nan","SOM-nan",0.271121495327103,2.76660110261342,-0.533172997269155,-0.549743068185622,2.19639235368606,-1.53745672458774,-0.550265479163707,0.180526764256129,0.81947323574387,271.121495327103,2.76660110261342,-1.30518823632859,1.01761952800307,"203",-Inf
-0.888305610757533,1.92763629974419,285,0.01195,31.9279587656966,"SOM","nan","SOM-nan",0.305185185185185,1.43186017494493,-0.227475499914787,0.377875044971379,-2.03350279818268,-0.417609103379826,0.0127174573857375,0.616981530417953,0.383018469582047,305.185185185185,1.43186017494493,-1.18683652208295,0.358974420576168,"204",-4.42702400060462
1.79856472577506,-2.26922079502052,712,0.01775,24.7596580037543,"SOM","nan","SOM-nan",0.410597014925373,1.67345977555269,0.0847283144799818,-1.76645695473951,-0.249643887174914,-0.0305237757983194,0.217005452711504,0.0930612060227664,0.906938793977234,410.597014925373,1.67345977555269,-0.890143044454482,0.514893205260081,"205",-4.03136976306071
-1.54695124064035,0.607525501862108,362,0.01285,26.4062143658805,"SOM","nan","SOM-nan",0.325838926174496,1.4517065225287,-0.129426810700536,-0.0130961539133918,-1.70910903820693,-0.431462351775284,0.0412547915786714,0.547556703473657,0.452443296526343,325.838926174496,1.4517065225287,-1.12135211120813,0.372739776503117,"206",-4.35441146764091
-0.842089122873012,-0.117178525313796,872,0.01275,27.6898112104144,"SOM","nan","SOM-nan",0.267867647058824,3.02749596388459,-0.247895968764729,-1.67707263956639,0.998178164500747,-0.152525932589704,-0.489590313960237,0.4272302624057,0.5727697375943,267.867647058824,3.02749596388459,-1.31726227471558,1.10773586329297,"207",-4.3622240073777
2.79357128705436,-2.7530620950312,940,0.014,17.6209597888082,"SOM","nan","SOM-nan",0.2125,2.83889585833095,-0.274534986022668,-2.16507501027697,1.17010878949977,-0.291970118446489,-0.632564561738405,0.0807161011326148,0.919283898867385,212.5,2.83889585833095,-1.54881329061767,1.04341519429986,"208",-4.26869794936688
-1.58705562983102,-2.35951479850715,439,0.02035,23.1411375357024,"SOM","nan","SOM-nan",0.384076086956522,1.6037131605768,0.317568814531419,-1.12449318471863,-1.85382930085268,0.0906225837210377,0.154908070900671,0.802439064961586,0.197560935038414,384.076086956522,1.6037131605768,-0.956914602906221,0.472321665882192,"209",-3.89467436709353
-1.63170260820932,-1.8875773209185,607,0.02275,21.5456174949442,"SOM","nan","SOM-nan",0.521875,1.94380369106301,0.677854142120373,-1.89291107260505,-1.06948798780012,0.361990365629941,0.438028451856362,0.723530920274743,0.276469079725257,521.875,1.94380369106301,-0.650327183377018,0.664646718975755,"210",-3.78319013358518
-0.945391363244716,2.0151001554876,640,0.01195,12.3341746737417,"SOM","nan","SOM-nan",0.239479166666667,1.12827640023907,-0.424154840495781,-1.05260783792771,-0.354367997721692,-0.820131368036575,-0.167952082997433,0.879956337031131,0.120043662968869,239.479166666667,1.12827640023907,-1.42928885269275,0.12069115873246,"211",-4.42702400060462
-1.80864233408517,-3.04475673614448,447,0.01595,35.3084714754051,"SOM","nan","SOM-nan",0.558028169014083,2.2524075575846,0.480073660845226,-0.411903309767676,-1.26811877876562,0.188482553318602,0.508432927687257,0.720701483005923,0.279298516994077,558.028169014083,2.2524075575846,-0.583345835770913,0.811999669740147,"212",-4.13829644975128
-0.824554390054408,-2.44658264099068,773,0.00255,24.3275680464195,"SOM","nan","SOM-nan",0.561047381546135,3.54898646183637,0.138910635056808,0.0757260197651701,1.53362251699772,-0.680617468946893,0.138745422649995,0.485028188444627,0.514971811555373,561.047381546135,3.54898646183637,-0.577949917941888,1.26666205901532,"213",-5.9716619198118
-1.84843940172738,0.69451871933037,492,0.0143,51.682836638945,"SOM","nan","SOM-nan",0.276666666666666,1.76078821557868,-0.481144595469136,-0.523487576623185,-1.12365004952993,0.122255566108769,-0.0530686476728981,0.461102951246545,0.538897048753455,276.666666666666,1.76078821557868,-1.2849418668596,0.565761558555904,"214",-4.24749574171628
-1.39637798700875,0.443208966866075,663,0.01315,7.36464079838954,"SOM","nan","SOM-nan",0.299494949494949,1.88079234087829,-0.0461190605015109,-1.17928978921977,-0.2205995479316,-0.655718639131314,-0.213047763585775,0.465710684695639,0.534289315304361,299.494949494949,1.88079234087829,-1.20565772469086,0.631693145967399,"215",-4.33133352035836
-0.771100706201259,0.0818379265218367,832,0,0,"SOM","nan","SOM-nan",0.26552,2.69295927649897,-0.49880353620735,-0.218288335095338,1.701393279065,-1.55560586107042,-0.548551334825518,0.339604678536347,0.660395321463653,265.52,2.69295927649897,-1.32606511157042,0.990640691731821,"216",-Inf
-1.49927467737741,-2.7905878680796,790,0.01735,16.0339990032495,"SOM","nan","SOM-nan",0.525555555555556,2.49954204576084,0.532143680971805,-1.88071103204124,0.322893327108782,0.00209616106288687,0.283505558262231,0.648461470404343,0.351538529595657,525.555555555556,2.49954204576084,-0.643299374832378,0.916107533398676,"217",-4.05416277258927
-1.40543026362008,-2.36321839271492,440,0.0246,11.8873289806239,"SOM","nan","SOM-nan",0.372364864864864,1.50867263422587,0.579238738828403,-1.69170950638698,-2.21522523420008,0.175430935713877,0.102821417402986,0.685682658781223,0.314317341218777,372.364864864864,1.50867263422587,-0.987881085868974,0.411230214054108,"218",-3.70500883604382
-2.20661706362313,0.144965205803453,560,0.00915,6.2928990959535,"SOM","nan","SOM-nan",0.365416666666667,1.77314369625556,-0.0228486980514254,-0.324652805251141,-0.398898256692422,-0.93975721053404,-0.0207573549697791,0.974190776048631,0.0258092239513688,365.416666666667,1.77314369625556,-1.00671702396385,0.572754070765393,"219",-4.69400139969471
-1.6188408795411,1.03088131965691,565,0,0,"SOM","nan","SOM-nan",0.256428571428571,1.64822569812424,-0.57409480804908,0.614781359606327,0.239909802369341,-1.75247359900549,-0.319068954779177,0.733656172813329,0.266343827186671,256.428571428571,1.64822569812424,-1.36090512711507,0.499699374855402,"220",-Inf
1.96184950437003,-2.15363856731361,552,0.01915,2.52434552831154,"SOM","nan","SOM-nan",0.4196,1.99052748893183,0.593572144882648,-1.4206726869533,-1.16215984550976,-0.245423467631061,0.0651940777636748,0.353024315644409,0.646975684355591,419.6,1.99052748893183,-0.868453402459995,0.688399673426594,"221",-3.95545256335548
-1.9215216103608,-0.0238997596353898,280,0,0,"SOM","nan","SOM-nan",0.406621160409556,1.83768817756338,-0.0478938855479767,1.74125993062714,-1.07622045934357,-1.65235963339745,0.0317091179496402,0.358849888445537,0.641150111554463,406.621160409556,1.83768817756338,-0.899873336816526,0.608508356419654,"222",-Inf
-1.16871232424325,-2.70189222274727,787,0,0,"SOM","nan","SOM-nan",0.673727810650889,3.87284316755798,0.607754610444497,0.311030346271843,1.8693389729868,-1.14758455342938,0.251886061174955,0.576631565587014,0.423368434412986,673.727810650889,3.87284316755798,-0.394929091400136,1.35398890592444,"223",-Inf
-1.29752535257882,-1.81557145296043,297,0.01525,20.9648741838921,"SOM","nan","SOM-nan",0.475098039215686,2.17346732357548,0.532400907621502,0.0815440075218552,-2.05673520460716,-0.155926641524431,0.240507879093412,0.488056213394363,0.511943786605637,475.098039215686,2.17346732357548,-0.744234097895891,0.776323737321955,"224",-4.18317577592872
-1.45538515482492,2.11935940803581,556,0.0134,29.7159188789914,"SOM","nan","SOM-nan",0.272417910447762,1.8572603281178,-0.288859413235327,-0.741058996357116,-0.761354473946404,-0.287689956511201,-0.183833732549614,0.625585764272017,0.374414235727983,272.417910447762,1.8572603281178,-1.30041795632581,0.61910246000769,"225",-4.31250057202527
-1.46244687471933,1.67694035591179,537,0.01545,17.2870588375256,"SOM","nan","SOM-nan",0.225757575757576,1.9073681006153,-0.129254749079697,-0.99091502650199,-1.06256602248352,-0.366262962266693,-0.373150020435859,0.723207641028913,0.276792358971087,225.757575757576,1.9073681006153,-1.48829352907501,0.645724334008619,"226",-4.17014627563838
-1.00484294329232,-2.82111355243629,720,0.0138,30.7040686485237,"SOM","nan","SOM-nan",0.587659574468085,1.87837232823886,0.247824342227507,-1.18212938371563,0.24562583157557,-0.0822363969284205,0.661842208435133,0.683077317057145,0.316922682942855,587.659574468085,1.87837232823886,-0.531607453728912,0.630405618983747,"227",-4.28308668681898
-0.9860078755433,-2.41950341640419,437,0.01195,49.4981250290823,"SOM","nan","SOM-nan",0.414090909090909,2.32678161980331,-0.116911177619107,0.0787532603583205,-1.07140430538005,0.0898823883349753,0.161999912587441,0.855272284322107,0.144727715677893,414.090909090909,2.32678161980331,-0.881669742086449,0.844486033677952,"228",-4.42702400060462
-1.15717167292184,-0.605649467095793,846,0,0,"SOM","nan","SOM-nan",0.3379,2.22482359592496,-0.46503838448663,-0.277588187578714,1.77005318219737,-1.6033369045256,-0.239068825812384,0.34625330053362,0.65374669946638,337.9,2.22482359592496,-1.08500528526189,0.799677629744806,"229",-Inf
-1.42003578577584,-0.591928686484755,588,0,0,"SOM","nan","SOM-nan",0.438169014084508,3.00641235872748,0.0732495856815978,0.788557111173679,0.619725989668658,-1.42148144255557,-0.167656957437185,0.190863331593253,0.809136668406747,438.169014084508,3.00641235872748,-0.825150566131768,1.10074746047472,"230",-Inf
0.549371534246739,2.50519696296745,557,0.0171,3.90811869052579,"SOM","nan","SOM-nan",0.37377358490566,1.42169311719236,0.273399745149405,-1.28323312948616,-1.06623782685636,-0.487821068345912,0.0868013966479722,0.390775993255914,0.609224006744086,373.77358490566,1.42169311719236,-0.984105052841663,0.351848497396025,"231",-4.06867681547352
-1.29733700190133,1.20720735611015,567,0.01785,4.52276930896574,"SOM","nan","SOM-nan",0.267692307692308,1.91429425609297,0.185507388958184,-1.41100066169926,-1.09079211333289,-0.389501195116107,-0.315031617434647,0.613451736347991,0.386548263652009,267.692307692308,1.91429425609297,-1.31791706367515,0.649349020029715,"232",-4.02575177075649
-1.14086002741403,2.04013887466484,670,0.01855,14.5652882753077,"SOM","nan","SOM-nan",0.202418300653595,1.71755304248572,-0.14392592443872,-1.87352760324858,-0.67324723224953,-0.23889513547607,-0.39509251411424,0.854125477911535,0.145874522088465,202.418300653595,1.71755304248572,-1.59741892740732,0.54090062818084,"233",-3.98728548992869
-1.52334303293771,2.33780184806877,592,0.0124,25.3667867164936,"SOM","nan","SOM-nan",0.278156028368795,1.77384753339342,-0.308784988743025,-0.779347933549832,-0.514933500246498,-0.44020000603275,-0.167365020196481,0.576838107250752,0.423161892749248,278.156028368795,1.77384753339342,-1.27957306960997,0.573150935094358,"234",-4.39005880637115
-1.79673237238473,2.53635278762871,757,0.01105,28.7782512588451,"SOM","nan","SOM-nan",0.27855633802817,1.71419151522691,-0.522634858939946,-1.20217335303195,0.420472857116293,-0.483492480827007,-0.135692266062402,0.554213795948159,0.445786204051841,278.55633802817,1.71419151522691,-1.2781349491279,0.538941549771943,"235",-4.50532485101837
-0.989588207345668,-1.17416110216087,714,0.0113,24.1633870527018,"SOM","nan","SOM-nan",0.326083333333334,1.4360038589553,-0.396075802808757,-1.10195216624983,0.178581024183714,-0.57012673017551,0.0397142199772893,0.304427301700065,0.695572698299935,326.083333333334,1.4360038589553,-1.12060230655972,0.3618641579172,"236",-4.48295255326384
-1.85518688593454,-0.00987621723121501,667,0.01265,2.41199639911168,"SOM","nan","SOM-nan",0.435945945945946,1.73454019607161,0.230736409617268,-1.09476930822983,-0.095505198516613,-0.731873286698602,0.166176277146662,0.493554485757004,0.506445514242996,435.945945945946,1.73454019607161,-0.830237020507107,0.550742361602272,"237",-4.37009806380861
0.0470865305846297,0.480871115341722,628,0.01055,20.8962286680454,"VIP","nan","VIP-nan",0.303147632311978,9.52910119790471,1.39274565997978,0.155906065706891,0.640978231997234,0.751583211646619,-2.03600256261927,0.500947805153887,0.499052194846113,303.147632311978,9.52910119790471,-1.19353535678031,2.25435040030176,"238",-4.55162941906006
-0.0503761235291398,-3.13279160438484,352,0,0,"VIP","nan","VIP-nan",0.564738267148019,2.64197422257046,0.39924888398273,1.66518225535013,-0.523942793473018,-1.43033383623885,0.257398822056175,0.868302540272124,0.131697459727876,564.738267148019,2.64197422257046,-0.571392899152147,0.971526449266186,"239",-Inf
-1.81246513758248,-2.32537409244484,460,0,0,"VIP","nan","VIP-nan",0.338031914893617,3.2770519194103,0.0138444124741418,1.21699559109982,-0.0623459541152743,-1.42518663800029,-0.504416668214847,0.635280116730562,0.364719883269438,338.031914893617,3.2770519194103,-1.08461496519448,1.18694421317076,"240",-Inf
-1.89850491915292,-2.06964310584968,240,0.0103,22.8252285209693,"VIP","nan","VIP-nan",0.514837153196616,2.43621776038851,0.481211721125558,0.92147733352761,-1.90274036313396,-0.40277554972757,0.28369369793429,0.80147133779306,0.19852866220694,514.837153196616,2.43621776038851,-0.663904635707709,0.890446738458491,"241",-4.57561138374655
0.134487920660313,2.32215300621086,420,0.029,11.6105852727301,"VIP","nan","VIP-nan",0.338115942028985,4.92612179222755,1.45558013728565,-1.77650171371479,-2.31788087567283,1.06660288806588,-0.829121503780297,0.271138883930269,0.728861116069731,338.115942028985,4.92612179222755,-1.08436641856392,1.59455202375883,"242",-3.54045944899566
-0.460716909509364,1.48359600128227,416,0.01045,19.4056532467036,"VIP","nan","VIP-nan",0.319694656488549,5.30042839330603,0.649795757835396,0.461305450444695,-0.858921071770563,-0.0300276649988748,-0.957629800266554,0.432191631234238,0.567808368765762,319.694656488549,5.30042839330603,-1.14038893719882,1.66778764621726,"243",-4.56115330057132
-0.00773972902840736,1.06663218559319,382,0.00825,9.35206731125133,"VIP","nan","VIP-nan",0.246212121212121,6.61424102277553,0.839479923587714,0.893813862806101,-0.785832570970884,-0.151691301648712,-1.52532969417901,0.665791837875777,0.334208162124223,246.212121212121,6.61424102277553,-1.40156183325068,1.88922505519825,"244",-4.79754207863555
-0.536510175805751,2.82391205848747,374,0,0,"VIP","nan","VIP-nan",0.196924939467312,2.22010091239746,-0.445477299697926,1.32516218839402,-0.70069164127732,-1.68424452912824,-0.622424343247113,0.781682680864479,0.218317319135521,196.924939467312,2.22010091239746,-1.62493264078235,0.797552650885985,"245",-Inf
-1.51984424028939,-2.89643331943458,207,0.00585,47.4184563283197,"VIP","nan","VIP-nan",0.530647639956091,3.33191712090069,0.258884867895131,1.77870081209169,-1.57679102650747,-0.136396888636225,0.206403762639832,0.722594871119112,0.277405128880888,530.647639956091,3.33191712090069,-0.633657056242801,1.20354785031598,"246",-5.14131361773837
