"","x"
"1",0.622108812518791
"2",0.207376659273679
"3",0.478767074049623
"4",0.238011806672241
"5",0.492041730441546
"6",0.174160879444762
"7",0.137767175097743
"8",0.386319050960826
"9",0.563649056469025
"10",0.653806386488899
"11",0.996727775463408
"12",0.151295759002751
"13",0.488219842373058
"14",0.0243081283301477
"15",0.992068499828323
"16",0.27297328038992
"17",0.711063209424861
"18",0.207075355232629
"19",0.510024747515214
"20",0.140444061315962
"21",0.350909134108127
"22",0.353529023545956
"23",0.144948591805614
"24",0.40750941357374
"25",0.60894652894578
"26",0.984904152710067
"27",0.214541173502354
"28",0.109146633533216
"29",0.653501530367325
"30",0.954479541993139
"31",0.558874662911789
"32",0.233777086023225
"33",0.225376630637498
"34",0.460204094558715
"35",0.474096257700258
"36",0.124447523962792
"37",0.53363711062756
"38",0.365277721541745
"39",0.712372861293342
"40",0.490433705000227
"41",0.315267645338149
"42",0.25431527129155
"43",0.443509845239138
"44",0.60185121126978
"45",0.137995512429558
"46",0.467696024373238
"47",0.256622045262314
"48",0.630235484038748
"49",0.582354530041249
"50",0.206379935021734
"51",0.529545573374163
"52",0.507160492585529
"53",0.142990281808595
"54",0.469481880323914
"55",0.086240674558684
"56",0.19695455451652
"57",0.371374790431065
"58",0.350995223395898
"59",0.544263096834767
"60",0.112065665197249
"61",0.540857217551199
"62",0.468994021871487
"63",0.156666275407909
"64",0.56068472243366
"65",0.682010907541107
"66",0.376639676453456
"67",0.741469830699938
"68",0.709548796406773
"69",0.384086701070244
"70",0.550723571135906
"71",0.765594696686594
"72",0.432246010647938
"73",0.273652454645178
"74",0.130262960459088
"75",0.534284706015639
"76",0.369934182108878
"77",0.544384926954089
"78",0.222423067128445
"79",0.327967565155467
"80",0.445147397777986
"81",0.375439098462577
"82",0.00675176044201957
"83",0.464519292748522
"84",0.555299548053529
"85",0.433623012518236
"86",0.456605743567877
"87",0.433263482936909
"88",0.541013767590225
"89",0.598516012014893
"90",0.5
"91",0.497515859904949
"92",0.612262509530722
"93",0.129430294322353
"94",0.510290863507522
"95",0.414575195902785
"96",0.510016341248106
"97",0.417614907837776
"98",0.279326864712447
"99",0.282937321993758
"100",0.0136074780960665
"101",0.358412690122967
"102",0.478086227461237
"103",0.46728698435948
"104",0.465562163906777
"105",0.548938511566606
"106",0.518022994003236
"107",0.50026881945889
"108",0.425063414361972
"109",0.495427701943057
"110",0.497903260165953
"111",0.40793423616652
"112",0.3929010617197
"113",0.338882501098474
"114",0.0215860831565847
"115",0.477564324708492
"116",0.461642398722981
"117",0.395637218071632
"118",0.490660280545435
"119",0.395507266145445
"120",0.251648531717986
"121",0.359415051123349
"122",0.449190880673082
"123",0.509664975409708
"124",0.553993213607803
"125",0.562755823870438
"126",0.282560129349623
"127",0.393026112839978
"128",0.534826736090698
"129",0.488930718587263
"130",0.526619453042865
"131",0.651995865863876
"132",0.450333265998316
"133",0.711199466358951
"134",0.151006413057258
"135",0.454766145139276
"136",0.430331228431253
"137",0.247880732133244
"138",0.499083844297412
"139",0.42693336711491
"140",0.409515591664723
"141",0.405676484551104
"142",0.44096778383543
"143",0.383496800977874
"144",0.442355031159299
"145",0.450312949613868
"146",0.383600152846234
"147",0.581644151838441
"148",0.401678032192688
"149",0.446213212964939
"150",0.44929155780282
"151",0.520205932954537
"152",0.498838619803867
"153",0.454093102703205
"154",0.72914876217084
"155",0.301027124097569
"156",0.386042065501614
"157",0.455146278293076
"158",0.348440192529078
"159",0.169694375883964
"160",0.201243761460664
"161",0.347181273011174
"162",0.702603577900396
"163",0.488077692328413
"164",0.510627019176953
"165",0.488989059287691
"166",0.479913022473856
"167",0.4274921929093
"168",0.446816351594686
"169",0.0510720507503354
"170",0.521299894682179
"171",0.0301336272917263
"172",0.707913434124196
"173",0.484225700975967
"174",0.538624979934474
"175",0.0906976201003896
"176",0.333999050001746
"177",0.739833725777843
"178",0.116556010293693
"179",0.249443214398662
"180",0.287495678031626
"181",0.397722683938158
"182",0.584862518520104
"183",0.494266112675897
"184",0.386211622490538
"185",0.632169234573812
"186",0.295848270853198
"187",0.449036987725917
"188",0.664350192324636
"189",0.344547901396258
"190",0.334483942832585
"191",0.17776386710104
"192",0.816469895598276
"193",0.735420199680743
"194",0.274874997449232
"195",0.8845265531
"196",0.514470647792702
"197",0.363765000514656
"198",0.619173754425416
"199",0.558386108500483
"200",0.375557566063665
"201",0.37122465271413
"202",0.418995278477246
"203",0.819472648765375
"204",0.383019417545595
"205",0.906936010687317
"206",0.452443320182963
"207",0.572770177538024
"208",0.919284148550297
"209",0.197561211386153
"210",0.276468999671396
"211",0.12004340123192
"212",0.279298559586673
"213",0.514972711372661
"214",0.538897113623813
"215",0.534289791520508
"216",0.660395097182889
"217",0.351538239154695
"218",0.314317608976828
"219",0.0258091484999297
"220",0.266343866107137
"221",0.64697788176314
"222",0.641150045221759
"223",0.423367687539409
"224",0.511943499053346
"225",0.37441417642111
"226",0.276792560050858
"227",0.316922813023124
"228",0.144727828671016
"229",0.653746472385791
"230",0.80913665443909
"231",0.60922411085581
"232",0.386548844472619
"233",0.145874675124697
"234",0.423162640523415
"235",0.445786077129742
"236",0.695572941042866
"237",0.506445312988399
"238",0.499052537517086
"239",0.131697563011904
"240",0.36472037614014
"241",0.198528796743262
"242",0.728861018058514
"243",0.56780750420465
"244",0.334208685209904
"245",0.218317337510228
"246",0.277405405809975
