"resolution","MARI","Modality","min_neighbors"
0.1,0.0387911640999907,"PhysMAP","min_neighbors = 2"
0.2,0.356167709597408,"PhysMAP","min_neighbors = 2"
0.3,0.357824005396447,"PhysMAP","min_neighbors = 2"
0.4,0.35713559320022,"PhysMAP","min_neighbors = 2"
0.5,0.317150418512181,"PhysMAP","min_neighbors = 2"
0.6,0.363279624111678,"PhysMAP","min_neighbors = 2"
0.7,0.315979525283063,"PhysMAP","min_neighbors = 2"
0.8,0.315544144305654,"PhysMAP","min_neighbors = 2"
0.9,0.362867149224545,"PhysMAP","min_neighbors = 2"
1,0.283606664979768,"PhysMAP","min_neighbors = 2"
1.1,0.277968259964284,"PhysMAP","min_neighbors = 2"
1.2,0.277968259964284,"PhysMAP","min_neighbors = 2"
1.3,0.280099844775021,"PhysMAP","min_neighbors = 2"
1.4,0.28299729281288,"PhysMAP","min_neighbors = 2"
1.5,0.301596111636639,"PhysMAP","min_neighbors = 2"
1.6,0.286747971737683,"PhysMAP","min_neighbors = 2"
1.7,0.286747971737683,"PhysMAP","min_neighbors = 2"
1.8,0.248549092867393,"PhysMAP","min_neighbors = 2"
1.9,0.232178144780126,"PhysMAP","min_neighbors = 2"
2,0.232168959736204,"PhysMAP","min_neighbors = 2"
2.1,0.23063879701515,"PhysMAP","min_neighbors = 2"
2.2,0.23063879701515,"PhysMAP","min_neighbors = 2"
2.3,0.23063879701515,"PhysMAP","min_neighbors = 2"
2.4,0.23063879701515,"PhysMAP","min_neighbors = 2"
2.5,0.223097189274261,"PhysMAP","min_neighbors = 2"
2.6,0.215989594571249,"PhysMAP","min_neighbors = 2"
2.7,0.215519799447094,"PhysMAP","min_neighbors = 2"
2.8,0.215017479355564,"PhysMAP","min_neighbors = 2"
2.9,0.213995863807643,"PhysMAP","min_neighbors = 2"
3,0.216471207998028,"PhysMAP","min_neighbors = 2"
0.1,0,"WF","min_neighbors = 2"
0.2,0.27171866232201,"WF","min_neighbors = 2"
0.3,0.437630913485612,"WF","min_neighbors = 2"
0.4,0.4377649263825,"WF","min_neighbors = 2"
0.5,0.4377649263825,"WF","min_neighbors = 2"
0.6,0.432584969329684,"WF","min_neighbors = 2"
0.7,0.431388411914889,"WF","min_neighbors = 2"
0.8,0.431388411914889,"WF","min_neighbors = 2"
0.9,0.303584802921507,"WF","min_neighbors = 2"
1,0.312453702516623,"WF","min_neighbors = 2"
1.1,0.312453702516623,"WF","min_neighbors = 2"
1.2,0.312453702516623,"WF","min_neighbors = 2"
1.3,0.311794452720479,"WF","min_neighbors = 2"
1.4,0.311048736226398,"WF","min_neighbors = 2"
1.5,0.311048736226398,"WF","min_neighbors = 2"
1.6,0.309137608528019,"WF","min_neighbors = 2"
1.7,0.291552230790814,"WF","min_neighbors = 2"
1.8,0.287810522264653,"WF","min_neighbors = 2"
1.9,0.275251559039564,"WF","min_neighbors = 2"
2,0.279431074197703,"WF","min_neighbors = 2"
2.1,0.266263008402125,"WF","min_neighbors = 2"
2.2,0.25889320062299,"WF","min_neighbors = 2"
2.3,0.256235097426012,"WF","min_neighbors = 2"
2.4,0.262846900607641,"WF","min_neighbors = 2"
2.5,0.265670198622134,"WF","min_neighbors = 2"
2.6,0.23972839883927,"WF","min_neighbors = 2"
2.7,0.244279541769289,"WF","min_neighbors = 2"
2.8,0.23972839883927,"WF","min_neighbors = 2"
2.9,0.24213037528983,"WF","min_neighbors = 2"
3,0.245818792836392,"WF","min_neighbors = 2"
0.1,0,"ISI","min_neighbors = 2"
0.2,0.27171866232201,"ISI","min_neighbors = 2"
0.3,0.437630913485612,"ISI","min_neighbors = 2"
0.4,0.4377649263825,"ISI","min_neighbors = 2"
0.5,0.4377649263825,"ISI","min_neighbors = 2"
0.6,0.432584969329684,"ISI","min_neighbors = 2"
0.7,0.431388411914889,"ISI","min_neighbors = 2"
0.8,0.431388411914889,"ISI","min_neighbors = 2"
0.9,0.303584802921507,"ISI","min_neighbors = 2"
1,0.312453702516623,"ISI","min_neighbors = 2"
1.1,0.312453702516623,"ISI","min_neighbors = 2"
1.2,0.312453702516623,"ISI","min_neighbors = 2"
1.3,0.311794452720479,"ISI","min_neighbors = 2"
1.4,0.311048736226398,"ISI","min_neighbors = 2"
1.5,0.311048736226398,"ISI","min_neighbors = 2"
1.6,0.309137608528019,"ISI","min_neighbors = 2"
1.7,0.291552230790814,"ISI","min_neighbors = 2"
1.8,0.287810522264653,"ISI","min_neighbors = 2"
1.9,0.275251559039564,"ISI","min_neighbors = 2"
2,0.279431074197703,"ISI","min_neighbors = 2"
2.1,0.266263008402125,"ISI","min_neighbors = 2"
2.2,0.25889320062299,"ISI","min_neighbors = 2"
2.3,0.256235097426012,"ISI","min_neighbors = 2"
2.4,0.262846900607641,"ISI","min_neighbors = 2"
2.5,0.265670198622134,"ISI","min_neighbors = 2"
2.6,0.23972839883927,"ISI","min_neighbors = 2"
2.7,0.244279541769289,"ISI","min_neighbors = 2"
2.8,0.23972839883927,"ISI","min_neighbors = 2"
2.9,0.24213037528983,"ISI","min_neighbors = 2"
3,0.245818792836392,"ISI","min_neighbors = 2"
0.1,0,"PSTH","min_neighbors = 2"
0.2,0.27171866232201,"PSTH","min_neighbors = 2"
0.3,0.437630913485612,"PSTH","min_neighbors = 2"
0.4,0.4377649263825,"PSTH","min_neighbors = 2"
0.5,0.4377649263825,"PSTH","min_neighbors = 2"
0.6,0.432584969329684,"PSTH","min_neighbors = 2"
0.7,0.431388411914889,"PSTH","min_neighbors = 2"
0.8,0.431388411914889,"PSTH","min_neighbors = 2"
0.9,0.303584802921507,"PSTH","min_neighbors = 2"
1,0.312453702516623,"PSTH","min_neighbors = 2"
1.1,0.312453702516623,"PSTH","min_neighbors = 2"
1.2,0.312453702516623,"PSTH","min_neighbors = 2"
1.3,0.311794452720479,"PSTH","min_neighbors = 2"
1.4,0.311048736226398,"PSTH","min_neighbors = 2"
1.5,0.311048736226398,"PSTH","min_neighbors = 2"
1.6,0.309137608528019,"PSTH","min_neighbors = 2"
1.7,0.291552230790814,"PSTH","min_neighbors = 2"
1.8,0.287810522264653,"PSTH","min_neighbors = 2"
1.9,0.275251559039564,"PSTH","min_neighbors = 2"
2,0.279431074197703,"PSTH","min_neighbors = 2"
2.1,0.266263008402125,"PSTH","min_neighbors = 2"
2.2,0.25889320062299,"PSTH","min_neighbors = 2"
2.3,0.256235097426012,"PSTH","min_neighbors = 2"
2.4,0.262846900607641,"PSTH","min_neighbors = 2"
2.5,0.265670198622134,"PSTH","min_neighbors = 2"
2.6,0.23972839883927,"PSTH","min_neighbors = 2"
2.7,0.244279541769289,"PSTH","min_neighbors = 2"
2.8,0.23972839883927,"PSTH","min_neighbors = 2"
2.9,0.24213037528983,"PSTH","min_neighbors = 2"
3,0.245818792836392,"PSTH","min_neighbors = 2"
0.1,0.171629091848858,"Concat","min_neighbors = 2"
0.2,0.178518935627142,"Concat","min_neighbors = 2"
0.3,0.177215253659984,"Concat","min_neighbors = 2"
0.4,0.147148904226027,"Concat","min_neighbors = 2"
0.5,0.147148904226027,"Concat","min_neighbors = 2"
0.6,0.147148904226027,"Concat","min_neighbors = 2"
0.7,0.13149928049022,"Concat","min_neighbors = 2"
0.8,0.13149928049022,"Concat","min_neighbors = 2"
0.9,0.13149928049022,"Concat","min_neighbors = 2"
1,0.13149928049022,"Concat","min_neighbors = 2"
1.1,0.13149928049022,"Concat","min_neighbors = 2"
1.2,0.13149928049022,"Concat","min_neighbors = 2"
1.3,0.13149928049022,"Concat","min_neighbors = 2"
1.4,0.13149928049022,"Concat","min_neighbors = 2"
1.5,0.121241656359053,"Concat","min_neighbors = 2"
1.6,0.121241656359053,"Concat","min_neighbors = 2"
1.7,0.0982263667689743,"Concat","min_neighbors = 2"
1.8,0.0982263667689743,"Concat","min_neighbors = 2"
1.9,0.106612414873917,"Concat","min_neighbors = 2"
2,0.109841620302916,"Concat","min_neighbors = 2"
2.1,0.10738510962585,"Concat","min_neighbors = 2"
2.2,0.107130792359604,"Concat","min_neighbors = 2"
2.3,0.103419106732021,"Concat","min_neighbors = 2"
2.4,0.103248180879535,"Concat","min_neighbors = 2"
2.5,0.103248180879535,"Concat","min_neighbors = 2"
2.6,0.103248180879535,"Concat","min_neighbors = 2"
2.7,0.103248180879535,"Concat","min_neighbors = 2"
2.8,0.103248180879535,"Concat","min_neighbors = 2"
2.9,0.103248180879535,"Concat","min_neighbors = 2"
3,0.0954986071307735,"Concat","min_neighbors = 2"
0.1,0.0387911640999907,"PhysMAP","min_neighbors = 5"
0.2,0.356167709597408,"PhysMAP","min_neighbors = 5"
0.3,0.357824005396447,"PhysMAP","min_neighbors = 5"
0.4,0.35713559320022,"PhysMAP","min_neighbors = 5"
0.5,0.317150418512181,"PhysMAP","min_neighbors = 5"
0.6,0.363279624111678,"PhysMAP","min_neighbors = 5"
0.7,0.315979525283063,"PhysMAP","min_neighbors = 5"
0.8,0.315544144305654,"PhysMAP","min_neighbors = 5"
0.9,0.362867149224545,"PhysMAP","min_neighbors = 5"
1,0.283606664979768,"PhysMAP","min_neighbors = 5"
1.1,0.277968259964284,"PhysMAP","min_neighbors = 5"
1.2,0.277968259964284,"PhysMAP","min_neighbors = 5"
1.3,0.280099844775021,"PhysMAP","min_neighbors = 5"
1.4,0.28299729281288,"PhysMAP","min_neighbors = 5"
1.5,0.301596111636639,"PhysMAP","min_neighbors = 5"
1.6,0.286747971737683,"PhysMAP","min_neighbors = 5"
1.7,0.286747971737683,"PhysMAP","min_neighbors = 5"
1.8,0.248549092867393,"PhysMAP","min_neighbors = 5"
1.9,0.232178144780126,"PhysMAP","min_neighbors = 5"
2,0.232168959736204,"PhysMAP","min_neighbors = 5"
2.1,0.23063879701515,"PhysMAP","min_neighbors = 5"
2.2,0.23063879701515,"PhysMAP","min_neighbors = 5"
2.3,0.23063879701515,"PhysMAP","min_neighbors = 5"
2.4,0.23063879701515,"PhysMAP","min_neighbors = 5"
2.5,0.223097189274261,"PhysMAP","min_neighbors = 5"
2.6,0.215989594571249,"PhysMAP","min_neighbors = 5"
2.7,0.215519799447094,"PhysMAP","min_neighbors = 5"
2.8,0.215017479355564,"PhysMAP","min_neighbors = 5"
2.9,0.213995863807643,"PhysMAP","min_neighbors = 5"
3,0.216471207998028,"PhysMAP","min_neighbors = 5"
0.1,0,"WF","min_neighbors = 5"
0.2,0.27171866232201,"WF","min_neighbors = 5"
0.3,0.437630913485612,"WF","min_neighbors = 5"
0.4,0.4377649263825,"WF","min_neighbors = 5"
0.5,0.4377649263825,"WF","min_neighbors = 5"
0.6,0.432584969329684,"WF","min_neighbors = 5"
0.7,0.431388411914889,"WF","min_neighbors = 5"
0.8,0.417964833809591,"WF","min_neighbors = 5"
0.9,0.303584802921507,"WF","min_neighbors = 5"
1,0.312453702516623,"WF","min_neighbors = 5"
1.1,0.312453702516623,"WF","min_neighbors = 5"
1.2,0.312453702516623,"WF","min_neighbors = 5"
1.3,0.311794452720479,"WF","min_neighbors = 5"
1.4,0.311048736226398,"WF","min_neighbors = 5"
1.5,0.311048736226398,"WF","min_neighbors = 5"
1.6,0.309137608528019,"WF","min_neighbors = 5"
1.7,0.291552230790814,"WF","min_neighbors = 5"
1.8,0.291552230790814,"WF","min_neighbors = 5"
1.9,0.27461975373439,"WF","min_neighbors = 5"
2,0.279292839555822,"WF","min_neighbors = 5"
2.1,0.266315311423495,"WF","min_neighbors = 5"
2.2,0.25889320062299,"WF","min_neighbors = 5"
2.3,0.256235097426012,"WF","min_neighbors = 5"
2.4,0.262846900607641,"WF","min_neighbors = 5"
2.5,0.265670198622134,"WF","min_neighbors = 5"
2.6,0.23972839883927,"WF","min_neighbors = 5"
2.7,0.244279541769289,"WF","min_neighbors = 5"
2.8,0.23972839883927,"WF","min_neighbors = 5"
2.9,0.24213037528983,"WF","min_neighbors = 5"
3,0.245818792836392,"WF","min_neighbors = 5"
0.1,0,"ISI","min_neighbors = 5"
0.2,0.27171866232201,"ISI","min_neighbors = 5"
0.3,0.437630913485612,"ISI","min_neighbors = 5"
0.4,0.4377649263825,"ISI","min_neighbors = 5"
0.5,0.4377649263825,"ISI","min_neighbors = 5"
0.6,0.432584969329684,"ISI","min_neighbors = 5"
0.7,0.431388411914889,"ISI","min_neighbors = 5"
0.8,0.417964833809591,"ISI","min_neighbors = 5"
0.9,0.303584802921507,"ISI","min_neighbors = 5"
1,0.312453702516623,"ISI","min_neighbors = 5"
1.1,0.312453702516623,"ISI","min_neighbors = 5"
1.2,0.312453702516623,"ISI","min_neighbors = 5"
1.3,0.311794452720479,"ISI","min_neighbors = 5"
1.4,0.311048736226398,"ISI","min_neighbors = 5"
1.5,0.311048736226398,"ISI","min_neighbors = 5"
1.6,0.309137608528019,"ISI","min_neighbors = 5"
1.7,0.291552230790814,"ISI","min_neighbors = 5"
1.8,0.291552230790814,"ISI","min_neighbors = 5"
1.9,0.27461975373439,"ISI","min_neighbors = 5"
2,0.279292839555822,"ISI","min_neighbors = 5"
2.1,0.266315311423495,"ISI","min_neighbors = 5"
2.2,0.25889320062299,"ISI","min_neighbors = 5"
2.3,0.256235097426012,"ISI","min_neighbors = 5"
2.4,0.262846900607641,"ISI","min_neighbors = 5"
2.5,0.265670198622134,"ISI","min_neighbors = 5"
2.6,0.23972839883927,"ISI","min_neighbors = 5"
2.7,0.244279541769289,"ISI","min_neighbors = 5"
2.8,0.23972839883927,"ISI","min_neighbors = 5"
2.9,0.24213037528983,"ISI","min_neighbors = 5"
3,0.245818792836392,"ISI","min_neighbors = 5"
0.1,0,"PSTH","min_neighbors = 5"
0.2,0.27171866232201,"PSTH","min_neighbors = 5"
0.3,0.437630913485612,"PSTH","min_neighbors = 5"
0.4,0.4377649263825,"PSTH","min_neighbors = 5"
0.5,0.4377649263825,"PSTH","min_neighbors = 5"
0.6,0.432584969329684,"PSTH","min_neighbors = 5"
0.7,0.431388411914889,"PSTH","min_neighbors = 5"
0.8,0.417964833809591,"PSTH","min_neighbors = 5"
0.9,0.303584802921507,"PSTH","min_neighbors = 5"
1,0.312453702516623,"PSTH","min_neighbors = 5"
1.1,0.312453702516623,"PSTH","min_neighbors = 5"
1.2,0.312453702516623,"PSTH","min_neighbors = 5"
1.3,0.311794452720479,"PSTH","min_neighbors = 5"
1.4,0.311048736226398,"PSTH","min_neighbors = 5"
1.5,0.311048736226398,"PSTH","min_neighbors = 5"
1.6,0.309137608528019,"PSTH","min_neighbors = 5"
1.7,0.291552230790814,"PSTH","min_neighbors = 5"
1.8,0.291552230790814,"PSTH","min_neighbors = 5"
1.9,0.27461975373439,"PSTH","min_neighbors = 5"
2,0.279292839555822,"PSTH","min_neighbors = 5"
2.1,0.266315311423495,"PSTH","min_neighbors = 5"
2.2,0.25889320062299,"PSTH","min_neighbors = 5"
2.3,0.256235097426012,"PSTH","min_neighbors = 5"
2.4,0.262846900607641,"PSTH","min_neighbors = 5"
2.5,0.265670198622134,"PSTH","min_neighbors = 5"
2.6,0.23972839883927,"PSTH","min_neighbors = 5"
2.7,0.244279541769289,"PSTH","min_neighbors = 5"
2.8,0.23972839883927,"PSTH","min_neighbors = 5"
2.9,0.24213037528983,"PSTH","min_neighbors = 5"
3,0.245818792836392,"PSTH","min_neighbors = 5"
0.1,0.247078720521249,"Concat","min_neighbors = 5"
0.2,0.318712259239054,"Concat","min_neighbors = 5"
0.3,0.318712259239054,"Concat","min_neighbors = 5"
0.4,0.318712259239054,"Concat","min_neighbors = 5"
0.5,0.318712259239054,"Concat","min_neighbors = 5"
0.6,0.318712259239054,"Concat","min_neighbors = 5"
0.7,0.293044487386047,"Concat","min_neighbors = 5"
0.8,0.293044487386047,"Concat","min_neighbors = 5"
0.9,0.267237019260939,"Concat","min_neighbors = 5"
1,0.276319323003818,"Concat","min_neighbors = 5"
1.1,0.27602806236583,"Concat","min_neighbors = 5"
1.2,0.27602806236583,"Concat","min_neighbors = 5"
1.3,0.27602806236583,"Concat","min_neighbors = 5"
1.4,0.281050362272753,"Concat","min_neighbors = 5"
1.5,0.281050362272753,"Concat","min_neighbors = 5"
1.6,0.281050362272753,"Concat","min_neighbors = 5"
1.7,0.281050362272753,"Concat","min_neighbors = 5"
1.8,0.254610523279081,"Concat","min_neighbors = 5"
1.9,0.250123515671752,"Concat","min_neighbors = 5"
2,0.250123515671752,"Concat","min_neighbors = 5"
2.1,0.24877463126877,"Concat","min_neighbors = 5"
2.2,0.241805386686657,"Concat","min_neighbors = 5"
2.3,0.209093593195911,"Concat","min_neighbors = 5"
2.4,0.209093593195911,"Concat","min_neighbors = 5"
2.5,0.209093593195911,"Concat","min_neighbors = 5"
2.6,0.21357747285033,"Concat","min_neighbors = 5"
2.7,0.211692580379489,"Concat","min_neighbors = 5"
2.8,0.212168576181462,"Concat","min_neighbors = 5"
2.9,0.210169848846921,"Concat","min_neighbors = 5"
3,0.210169848846921,"Concat","min_neighbors = 5"
0.1,0.0387911640999907,"PhysMAP","min_neighbors = 20"
0.2,0.356167709597408,"PhysMAP","min_neighbors = 20"
0.3,0.357824005396447,"PhysMAP","min_neighbors = 20"
0.4,0.35713559320022,"PhysMAP","min_neighbors = 20"
0.5,0.317150418512181,"PhysMAP","min_neighbors = 20"
0.6,0.363279624111678,"PhysMAP","min_neighbors = 20"
0.7,0.315979525283063,"PhysMAP","min_neighbors = 20"
0.8,0.315544144305654,"PhysMAP","min_neighbors = 20"
0.9,0.362867149224545,"PhysMAP","min_neighbors = 20"
1,0.283606664979768,"PhysMAP","min_neighbors = 20"
1.1,0.277968259964284,"PhysMAP","min_neighbors = 20"
1.2,0.277968259964284,"PhysMAP","min_neighbors = 20"
1.3,0.280099844775021,"PhysMAP","min_neighbors = 20"
1.4,0.28299729281288,"PhysMAP","min_neighbors = 20"
1.5,0.301596111636639,"PhysMAP","min_neighbors = 20"
1.6,0.286747971737683,"PhysMAP","min_neighbors = 20"
1.7,0.286747971737683,"PhysMAP","min_neighbors = 20"
1.8,0.248549092867393,"PhysMAP","min_neighbors = 20"
1.9,0.232178144780126,"PhysMAP","min_neighbors = 20"
2,0.232168959736204,"PhysMAP","min_neighbors = 20"
2.1,0.23063879701515,"PhysMAP","min_neighbors = 20"
2.2,0.23063879701515,"PhysMAP","min_neighbors = 20"
2.3,0.23063879701515,"PhysMAP","min_neighbors = 20"
2.4,0.23063879701515,"PhysMAP","min_neighbors = 20"
2.5,0.223097189274261,"PhysMAP","min_neighbors = 20"
2.6,0.215989594571249,"PhysMAP","min_neighbors = 20"
2.7,0.215519799447094,"PhysMAP","min_neighbors = 20"
2.8,0.215017479355564,"PhysMAP","min_neighbors = 20"
2.9,0.213995863807643,"PhysMAP","min_neighbors = 20"
3,0.216471207998028,"PhysMAP","min_neighbors = 20"
0.1,0,"WF","min_neighbors = 20"
0.2,0.27171866232201,"WF","min_neighbors = 20"
0.3,0.437630913485612,"WF","min_neighbors = 20"
0.4,0.4377649263825,"WF","min_neighbors = 20"
0.5,0.4377649263825,"WF","min_neighbors = 20"
0.6,0.432584969329684,"WF","min_neighbors = 20"
0.7,0.431388411914889,"WF","min_neighbors = 20"
0.8,0.417964833809591,"WF","min_neighbors = 20"
0.9,0.303584802921507,"WF","min_neighbors = 20"
1,0.312453702516623,"WF","min_neighbors = 20"
1.1,0.312453702516623,"WF","min_neighbors = 20"
1.2,0.312453702516623,"WF","min_neighbors = 20"
1.3,0.311794452720479,"WF","min_neighbors = 20"
1.4,0.311048736226398,"WF","min_neighbors = 20"
1.5,0.311048736226398,"WF","min_neighbors = 20"
1.6,0.309137608528019,"WF","min_neighbors = 20"
1.7,0.291552230790814,"WF","min_neighbors = 20"
1.8,0.291552230790814,"WF","min_neighbors = 20"
1.9,0.27461975373439,"WF","min_neighbors = 20"
2,0.279292839555822,"WF","min_neighbors = 20"
2.1,0.266315311423495,"WF","min_neighbors = 20"
2.2,0.25889320062299,"WF","min_neighbors = 20"
2.3,0.256235097426012,"WF","min_neighbors = 20"
2.4,0.262846900607641,"WF","min_neighbors = 20"
2.5,0.265670198622134,"WF","min_neighbors = 20"
2.6,0.23972839883927,"WF","min_neighbors = 20"
2.7,0.244279541769289,"WF","min_neighbors = 20"
2.8,0.23972839883927,"WF","min_neighbors = 20"
2.9,0.24213037528983,"WF","min_neighbors = 20"
3,0.245818792836392,"WF","min_neighbors = 20"
0.1,0,"ISI","min_neighbors = 20"
0.2,0.27171866232201,"ISI","min_neighbors = 20"
0.3,0.437630913485612,"ISI","min_neighbors = 20"
0.4,0.4377649263825,"ISI","min_neighbors = 20"
0.5,0.4377649263825,"ISI","min_neighbors = 20"
0.6,0.432584969329684,"ISI","min_neighbors = 20"
0.7,0.431388411914889,"ISI","min_neighbors = 20"
0.8,0.417964833809591,"ISI","min_neighbors = 20"
0.9,0.303584802921507,"ISI","min_neighbors = 20"
1,0.312453702516623,"ISI","min_neighbors = 20"
1.1,0.312453702516623,"ISI","min_neighbors = 20"
1.2,0.312453702516623,"ISI","min_neighbors = 20"
1.3,0.311794452720479,"ISI","min_neighbors = 20"
1.4,0.311048736226398,"ISI","min_neighbors = 20"
1.5,0.311048736226398,"ISI","min_neighbors = 20"
1.6,0.309137608528019,"ISI","min_neighbors = 20"
1.7,0.291552230790814,"ISI","min_neighbors = 20"
1.8,0.291552230790814,"ISI","min_neighbors = 20"
1.9,0.27461975373439,"ISI","min_neighbors = 20"
2,0.279292839555822,"ISI","min_neighbors = 20"
2.1,0.266315311423495,"ISI","min_neighbors = 20"
2.2,0.25889320062299,"ISI","min_neighbors = 20"
2.3,0.256235097426012,"ISI","min_neighbors = 20"
2.4,0.262846900607641,"ISI","min_neighbors = 20"
2.5,0.265670198622134,"ISI","min_neighbors = 20"
2.6,0.23972839883927,"ISI","min_neighbors = 20"
2.7,0.244279541769289,"ISI","min_neighbors = 20"
2.8,0.23972839883927,"ISI","min_neighbors = 20"
2.9,0.24213037528983,"ISI","min_neighbors = 20"
3,0.245818792836392,"ISI","min_neighbors = 20"
0.1,0,"PSTH","min_neighbors = 20"
0.2,0.27171866232201,"PSTH","min_neighbors = 20"
0.3,0.437630913485612,"PSTH","min_neighbors = 20"
0.4,0.4377649263825,"PSTH","min_neighbors = 20"
0.5,0.4377649263825,"PSTH","min_neighbors = 20"
0.6,0.432584969329684,"PSTH","min_neighbors = 20"
0.7,0.431388411914889,"PSTH","min_neighbors = 20"
0.8,0.417964833809591,"PSTH","min_neighbors = 20"
0.9,0.303584802921507,"PSTH","min_neighbors = 20"
1,0.312453702516623,"PSTH","min_neighbors = 20"
1.1,0.312453702516623,"PSTH","min_neighbors = 20"
1.2,0.312453702516623,"PSTH","min_neighbors = 20"
1.3,0.311794452720479,"PSTH","min_neighbors = 20"
1.4,0.311048736226398,"PSTH","min_neighbors = 20"
1.5,0.311048736226398,"PSTH","min_neighbors = 20"
1.6,0.309137608528019,"PSTH","min_neighbors = 20"
1.7,0.291552230790814,"PSTH","min_neighbors = 20"
1.8,0.291552230790814,"PSTH","min_neighbors = 20"
1.9,0.27461975373439,"PSTH","min_neighbors = 20"
2,0.279292839555822,"PSTH","min_neighbors = 20"
2.1,0.266315311423495,"PSTH","min_neighbors = 20"
2.2,0.25889320062299,"PSTH","min_neighbors = 20"
2.3,0.256235097426012,"PSTH","min_neighbors = 20"
2.4,0.262846900607641,"PSTH","min_neighbors = 20"
2.5,0.265670198622134,"PSTH","min_neighbors = 20"
2.6,0.23972839883927,"PSTH","min_neighbors = 20"
2.7,0.244279541769289,"PSTH","min_neighbors = 20"
2.8,0.23972839883927,"PSTH","min_neighbors = 20"
2.9,0.24213037528983,"PSTH","min_neighbors = 20"
3,0.245818792836392,"PSTH","min_neighbors = 20"
0.1,0.414777408169946,"Concat","min_neighbors = 20"
0.2,0.312641265229833,"Concat","min_neighbors = 20"
0.3,0.312641265229833,"Concat","min_neighbors = 20"
0.4,0.292283386159633,"Concat","min_neighbors = 20"
0.5,0.292283386159633,"Concat","min_neighbors = 20"
0.6,0.292283386159633,"Concat","min_neighbors = 20"
0.7,0.292283386159633,"Concat","min_neighbors = 20"
0.8,0.277048274281803,"Concat","min_neighbors = 20"
0.9,0.305536682818023,"Concat","min_neighbors = 20"
1,0.305536682818023,"Concat","min_neighbors = 20"
1.1,0.301373414239177,"Concat","min_neighbors = 20"
1.2,0.301373414239177,"Concat","min_neighbors = 20"
1.3,0.334340691403987,"Concat","min_neighbors = 20"
1.4,0.334340691403987,"Concat","min_neighbors = 20"
1.5,0.295688362702325,"Concat","min_neighbors = 20"
1.6,0.29435066923805,"Concat","min_neighbors = 20"
1.7,0.29435066923805,"Concat","min_neighbors = 20"
1.8,0.248977868437338,"Concat","min_neighbors = 20"
1.9,0.245270164173888,"Concat","min_neighbors = 20"
2,0.246847060515316,"Concat","min_neighbors = 20"
2.1,0.24645980103691,"Concat","min_neighbors = 20"
2.2,0.246072541558505,"Concat","min_neighbors = 20"
2.3,0.246607459814916,"Concat","min_neighbors = 20"
2.4,0.245002705045683,"Concat","min_neighbors = 20"
2.5,0.245002705045683,"Concat","min_neighbors = 20"
2.6,0.245002705045683,"Concat","min_neighbors = 20"
2.7,0.245002705045683,"Concat","min_neighbors = 20"
2.8,0.242065732768592,"Concat","min_neighbors = 20"
2.9,0.242065732768592,"Concat","min_neighbors = 20"
3,0.242065732768592,"Concat","min_neighbors = 20"
0.1,0.0387911640999907,"PhysMAP","min_neighbors = 30"
0.2,0.356167709597408,"PhysMAP","min_neighbors = 30"
0.3,0.357824005396447,"PhysMAP","min_neighbors = 30"
0.4,0.35713559320022,"PhysMAP","min_neighbors = 30"
0.5,0.317150418512181,"PhysMAP","min_neighbors = 30"
0.6,0.363279624111678,"PhysMAP","min_neighbors = 30"
0.7,0.315979525283063,"PhysMAP","min_neighbors = 30"
0.8,0.315544144305654,"PhysMAP","min_neighbors = 30"
0.9,0.362867149224545,"PhysMAP","min_neighbors = 30"
1,0.283606664979768,"PhysMAP","min_neighbors = 30"
1.1,0.277968259964284,"PhysMAP","min_neighbors = 30"
1.2,0.277968259964284,"PhysMAP","min_neighbors = 30"
1.3,0.280099844775021,"PhysMAP","min_neighbors = 30"
1.4,0.28299729281288,"PhysMAP","min_neighbors = 30"
1.5,0.301596111636639,"PhysMAP","min_neighbors = 30"
1.6,0.286747971737683,"PhysMAP","min_neighbors = 30"
1.7,0.286747971737683,"PhysMAP","min_neighbors = 30"
1.8,0.248549092867393,"PhysMAP","min_neighbors = 30"
1.9,0.232178144780126,"PhysMAP","min_neighbors = 30"
2,0.232168959736204,"PhysMAP","min_neighbors = 30"
2.1,0.23063879701515,"PhysMAP","min_neighbors = 30"
2.2,0.23063879701515,"PhysMAP","min_neighbors = 30"
2.3,0.23063879701515,"PhysMAP","min_neighbors = 30"
2.4,0.23063879701515,"PhysMAP","min_neighbors = 30"
2.5,0.223097189274261,"PhysMAP","min_neighbors = 30"
2.6,0.215989594571249,"PhysMAP","min_neighbors = 30"
2.7,0.215519799447094,"PhysMAP","min_neighbors = 30"
2.8,0.215017479355564,"PhysMAP","min_neighbors = 30"
2.9,0.213995863807643,"PhysMAP","min_neighbors = 30"
3,0.216471207998028,"PhysMAP","min_neighbors = 30"
0.1,0,"WF","min_neighbors = 30"
0.2,0.27171866232201,"WF","min_neighbors = 30"
0.3,0.437630913485612,"WF","min_neighbors = 30"
0.4,0.4377649263825,"WF","min_neighbors = 30"
0.5,0.4377649263825,"WF","min_neighbors = 30"
0.6,0.432584969329684,"WF","min_neighbors = 30"
0.7,0.431388411914889,"WF","min_neighbors = 30"
0.8,0.417964833809591,"WF","min_neighbors = 30"
0.9,0.303584802921507,"WF","min_neighbors = 30"
1,0.312453702516623,"WF","min_neighbors = 30"
1.1,0.312453702516623,"WF","min_neighbors = 30"
1.2,0.312453702516623,"WF","min_neighbors = 30"
1.3,0.311794452720479,"WF","min_neighbors = 30"
1.4,0.311048736226398,"WF","min_neighbors = 30"
1.5,0.311048736226398,"WF","min_neighbors = 30"
1.6,0.309137608528019,"WF","min_neighbors = 30"
1.7,0.291552230790814,"WF","min_neighbors = 30"
1.8,0.291552230790814,"WF","min_neighbors = 30"
1.9,0.27461975373439,"WF","min_neighbors = 30"
2,0.279292839555822,"WF","min_neighbors = 30"
2.1,0.266315311423495,"WF","min_neighbors = 30"
2.2,0.25889320062299,"WF","min_neighbors = 30"
2.3,0.256235097426012,"WF","min_neighbors = 30"
2.4,0.262846900607641,"WF","min_neighbors = 30"
2.5,0.265670198622134,"WF","min_neighbors = 30"
2.6,0.23972839883927,"WF","min_neighbors = 30"
2.7,0.244279541769289,"WF","min_neighbors = 30"
2.8,0.23972839883927,"WF","min_neighbors = 30"
2.9,0.24213037528983,"WF","min_neighbors = 30"
3,0.245818792836392,"WF","min_neighbors = 30"
0.1,0,"ISI","min_neighbors = 30"
0.2,0.27171866232201,"ISI","min_neighbors = 30"
0.3,0.437630913485612,"ISI","min_neighbors = 30"
0.4,0.4377649263825,"ISI","min_neighbors = 30"
0.5,0.4377649263825,"ISI","min_neighbors = 30"
0.6,0.432584969329684,"ISI","min_neighbors = 30"
0.7,0.431388411914889,"ISI","min_neighbors = 30"
0.8,0.417964833809591,"ISI","min_neighbors = 30"
0.9,0.303584802921507,"ISI","min_neighbors = 30"
1,0.312453702516623,"ISI","min_neighbors = 30"
1.1,0.312453702516623,"ISI","min_neighbors = 30"
1.2,0.312453702516623,"ISI","min_neighbors = 30"
1.3,0.311794452720479,"ISI","min_neighbors = 30"
1.4,0.311048736226398,"ISI","min_neighbors = 30"
1.5,0.311048736226398,"ISI","min_neighbors = 30"
1.6,0.309137608528019,"ISI","min_neighbors = 30"
1.7,0.291552230790814,"ISI","min_neighbors = 30"
1.8,0.291552230790814,"ISI","min_neighbors = 30"
1.9,0.27461975373439,"ISI","min_neighbors = 30"
2,0.279292839555822,"ISI","min_neighbors = 30"
2.1,0.266315311423495,"ISI","min_neighbors = 30"
2.2,0.25889320062299,"ISI","min_neighbors = 30"
2.3,0.256235097426012,"ISI","min_neighbors = 30"
2.4,0.262846900607641,"ISI","min_neighbors = 30"
2.5,0.265670198622134,"ISI","min_neighbors = 30"
2.6,0.23972839883927,"ISI","min_neighbors = 30"
2.7,0.244279541769289,"ISI","min_neighbors = 30"
2.8,0.23972839883927,"ISI","min_neighbors = 30"
2.9,0.24213037528983,"ISI","min_neighbors = 30"
3,0.245818792836392,"ISI","min_neighbors = 30"
0.1,0,"PSTH","min_neighbors = 30"
0.2,0.27171866232201,"PSTH","min_neighbors = 30"
0.3,0.437630913485612,"PSTH","min_neighbors = 30"
0.4,0.4377649263825,"PSTH","min_neighbors = 30"
0.5,0.4377649263825,"PSTH","min_neighbors = 30"
0.6,0.432584969329684,"PSTH","min_neighbors = 30"
0.7,0.431388411914889,"PSTH","min_neighbors = 30"
0.8,0.417964833809591,"PSTH","min_neighbors = 30"
0.9,0.303584802921507,"PSTH","min_neighbors = 30"
1,0.312453702516623,"PSTH","min_neighbors = 30"
1.1,0.312453702516623,"PSTH","min_neighbors = 30"
1.2,0.312453702516623,"PSTH","min_neighbors = 30"
1.3,0.311794452720479,"PSTH","min_neighbors = 30"
1.4,0.311048736226398,"PSTH","min_neighbors = 30"
1.5,0.311048736226398,"PSTH","min_neighbors = 30"
1.6,0.309137608528019,"PSTH","min_neighbors = 30"
1.7,0.291552230790814,"PSTH","min_neighbors = 30"
1.8,0.291552230790814,"PSTH","min_neighbors = 30"
1.9,0.27461975373439,"PSTH","min_neighbors = 30"
2,0.279292839555822,"PSTH","min_neighbors = 30"
2.1,0.266315311423495,"PSTH","min_neighbors = 30"
2.2,0.25889320062299,"PSTH","min_neighbors = 30"
2.3,0.256235097426012,"PSTH","min_neighbors = 30"
2.4,0.262846900607641,"PSTH","min_neighbors = 30"
2.5,0.265670198622134,"PSTH","min_neighbors = 30"
2.6,0.23972839883927,"PSTH","min_neighbors = 30"
2.7,0.244279541769289,"PSTH","min_neighbors = 30"
2.8,0.23972839883927,"PSTH","min_neighbors = 30"
2.9,0.24213037528983,"PSTH","min_neighbors = 30"
3,0.245818792836392,"PSTH","min_neighbors = 30"
0.1,0.441900096233827,"Concat","min_neighbors = 30"
0.2,0.317671703425986,"Concat","min_neighbors = 30"
0.3,0.317671703425986,"Concat","min_neighbors = 30"
0.4,0.320207046780974,"Concat","min_neighbors = 30"
0.5,0.301272593311917,"Concat","min_neighbors = 30"
0.6,0.303408355829591,"Concat","min_neighbors = 30"
0.7,0.32477050741366,"Concat","min_neighbors = 30"
0.8,0.333125274808302,"Concat","min_neighbors = 30"
0.9,0.332731157404022,"Concat","min_neighbors = 30"
1,0.332731157404022,"Concat","min_neighbors = 30"
1.1,0.330386072357757,"Concat","min_neighbors = 30"
1.2,0.330386072357757,"Concat","min_neighbors = 30"
1.3,0.341934993827791,"Concat","min_neighbors = 30"
1.4,0.340846846194915,"Concat","min_neighbors = 30"
1.5,0.341934993827791,"Concat","min_neighbors = 30"
1.6,0.341934993827791,"Concat","min_neighbors = 30"
1.7,0.341934993827791,"Concat","min_neighbors = 30"
1.8,0.31685603843544,"Concat","min_neighbors = 30"
1.9,0.289920314579129,"Concat","min_neighbors = 30"
2,0.290666233853131,"Concat","min_neighbors = 30"
2.1,0.283238676785189,"Concat","min_neighbors = 30"
2.2,0.264398392667433,"Concat","min_neighbors = 30"
2.3,0.24375155694744,"Concat","min_neighbors = 30"
2.4,0.243093230482043,"Concat","min_neighbors = 30"
2.5,0.229312418207952,"Concat","min_neighbors = 30"
2.6,0.225677172597249,"Concat","min_neighbors = 30"
2.7,0.225677172597249,"Concat","min_neighbors = 30"
2.8,0.225677172597249,"Concat","min_neighbors = 30"
2.9,0.225677172597249,"Concat","min_neighbors = 30"
3,0.225677172597249,"Concat","min_neighbors = 30"
0.1,0.0387911640999907,"PhysMAP","min_neighbors = 40"
0.2,0.356167709597408,"PhysMAP","min_neighbors = 40"
0.3,0.357824005396447,"PhysMAP","min_neighbors = 40"
0.4,0.35713559320022,"PhysMAP","min_neighbors = 40"
0.5,0.317150418512181,"PhysMAP","min_neighbors = 40"
0.6,0.363279624111678,"PhysMAP","min_neighbors = 40"
0.7,0.315979525283063,"PhysMAP","min_neighbors = 40"
0.8,0.315544144305654,"PhysMAP","min_neighbors = 40"
0.9,0.362867149224545,"PhysMAP","min_neighbors = 40"
1,0.283606664979768,"PhysMAP","min_neighbors = 40"
1.1,0.277968259964284,"PhysMAP","min_neighbors = 40"
1.2,0.277968259964284,"PhysMAP","min_neighbors = 40"
1.3,0.280099844775021,"PhysMAP","min_neighbors = 40"
1.4,0.28299729281288,"PhysMAP","min_neighbors = 40"
1.5,0.301596111636639,"PhysMAP","min_neighbors = 40"
1.6,0.286747971737683,"PhysMAP","min_neighbors = 40"
1.7,0.286747971737683,"PhysMAP","min_neighbors = 40"
1.8,0.248549092867393,"PhysMAP","min_neighbors = 40"
1.9,0.232178144780126,"PhysMAP","min_neighbors = 40"
2,0.232168959736204,"PhysMAP","min_neighbors = 40"
2.1,0.23063879701515,"PhysMAP","min_neighbors = 40"
2.2,0.23063879701515,"PhysMAP","min_neighbors = 40"
2.3,0.23063879701515,"PhysMAP","min_neighbors = 40"
2.4,0.23063879701515,"PhysMAP","min_neighbors = 40"
2.5,0.223097189274261,"PhysMAP","min_neighbors = 40"
2.6,0.215989594571249,"PhysMAP","min_neighbors = 40"
2.7,0.215519799447094,"PhysMAP","min_neighbors = 40"
2.8,0.215017479355564,"PhysMAP","min_neighbors = 40"
2.9,0.213995863807643,"PhysMAP","min_neighbors = 40"
3,0.216471207998028,"PhysMAP","min_neighbors = 40"
0.1,0,"WF","min_neighbors = 40"
0.2,0.27171866232201,"WF","min_neighbors = 40"
0.3,0.437630913485612,"WF","min_neighbors = 40"
0.4,0.4377649263825,"WF","min_neighbors = 40"
0.5,0.4377649263825,"WF","min_neighbors = 40"
0.6,0.432584969329684,"WF","min_neighbors = 40"
0.7,0.431388411914889,"WF","min_neighbors = 40"
0.8,0.417964833809591,"WF","min_neighbors = 40"
0.9,0.303584802921507,"WF","min_neighbors = 40"
1,0.312453702516623,"WF","min_neighbors = 40"
1.1,0.312453702516623,"WF","min_neighbors = 40"
1.2,0.312453702516623,"WF","min_neighbors = 40"
1.3,0.311794452720479,"WF","min_neighbors = 40"
1.4,0.311048736226398,"WF","min_neighbors = 40"
1.5,0.311048736226398,"WF","min_neighbors = 40"
1.6,0.309137608528019,"WF","min_neighbors = 40"
1.7,0.291552230790814,"WF","min_neighbors = 40"
1.8,0.291552230790814,"WF","min_neighbors = 40"
1.9,0.27461975373439,"WF","min_neighbors = 40"
2,0.279292839555822,"WF","min_neighbors = 40"
2.1,0.266315311423495,"WF","min_neighbors = 40"
2.2,0.25889320062299,"WF","min_neighbors = 40"
2.3,0.256235097426012,"WF","min_neighbors = 40"
2.4,0.262846900607641,"WF","min_neighbors = 40"
2.5,0.265670198622134,"WF","min_neighbors = 40"
2.6,0.23972839883927,"WF","min_neighbors = 40"
2.7,0.244279541769289,"WF","min_neighbors = 40"
2.8,0.23972839883927,"WF","min_neighbors = 40"
2.9,0.24213037528983,"WF","min_neighbors = 40"
3,0.245818792836392,"WF","min_neighbors = 40"
0.1,0,"ISI","min_neighbors = 40"
0.2,0.27171866232201,"ISI","min_neighbors = 40"
0.3,0.437630913485612,"ISI","min_neighbors = 40"
0.4,0.4377649263825,"ISI","min_neighbors = 40"
0.5,0.4377649263825,"ISI","min_neighbors = 40"
0.6,0.432584969329684,"ISI","min_neighbors = 40"
0.7,0.431388411914889,"ISI","min_neighbors = 40"
0.8,0.417964833809591,"ISI","min_neighbors = 40"
0.9,0.303584802921507,"ISI","min_neighbors = 40"
1,0.312453702516623,"ISI","min_neighbors = 40"
1.1,0.312453702516623,"ISI","min_neighbors = 40"
1.2,0.312453702516623,"ISI","min_neighbors = 40"
1.3,0.311794452720479,"ISI","min_neighbors = 40"
1.4,0.311048736226398,"ISI","min_neighbors = 40"
1.5,0.311048736226398,"ISI","min_neighbors = 40"
1.6,0.309137608528019,"ISI","min_neighbors = 40"
1.7,0.291552230790814,"ISI","min_neighbors = 40"
1.8,0.291552230790814,"ISI","min_neighbors = 40"
1.9,0.27461975373439,"ISI","min_neighbors = 40"
2,0.279292839555822,"ISI","min_neighbors = 40"
2.1,0.266315311423495,"ISI","min_neighbors = 40"
2.2,0.25889320062299,"ISI","min_neighbors = 40"
2.3,0.256235097426012,"ISI","min_neighbors = 40"
2.4,0.262846900607641,"ISI","min_neighbors = 40"
2.5,0.265670198622134,"ISI","min_neighbors = 40"
2.6,0.23972839883927,"ISI","min_neighbors = 40"
2.7,0.244279541769289,"ISI","min_neighbors = 40"
2.8,0.23972839883927,"ISI","min_neighbors = 40"
2.9,0.24213037528983,"ISI","min_neighbors = 40"
3,0.245818792836392,"ISI","min_neighbors = 40"
0.1,0,"PSTH","min_neighbors = 40"
0.2,0.27171866232201,"PSTH","min_neighbors = 40"
0.3,0.437630913485612,"PSTH","min_neighbors = 40"
0.4,0.4377649263825,"PSTH","min_neighbors = 40"
0.5,0.4377649263825,"PSTH","min_neighbors = 40"
0.6,0.432584969329684,"PSTH","min_neighbors = 40"
0.7,0.431388411914889,"PSTH","min_neighbors = 40"
0.8,0.417964833809591,"PSTH","min_neighbors = 40"
0.9,0.303584802921507,"PSTH","min_neighbors = 40"
1,0.312453702516623,"PSTH","min_neighbors = 40"
1.1,0.312453702516623,"PSTH","min_neighbors = 40"
1.2,0.312453702516623,"PSTH","min_neighbors = 40"
1.3,0.311794452720479,"PSTH","min_neighbors = 40"
1.4,0.311048736226398,"PSTH","min_neighbors = 40"
1.5,0.311048736226398,"PSTH","min_neighbors = 40"
1.6,0.309137608528019,"PSTH","min_neighbors = 40"
1.7,0.291552230790814,"PSTH","min_neighbors = 40"
1.8,0.291552230790814,"PSTH","min_neighbors = 40"
1.9,0.27461975373439,"PSTH","min_neighbors = 40"
2,0.279292839555822,"PSTH","min_neighbors = 40"
2.1,0.266315311423495,"PSTH","min_neighbors = 40"
2.2,0.25889320062299,"PSTH","min_neighbors = 40"
2.3,0.256235097426012,"PSTH","min_neighbors = 40"
2.4,0.262846900607641,"PSTH","min_neighbors = 40"
2.5,0.265670198622134,"PSTH","min_neighbors = 40"
2.6,0.23972839883927,"PSTH","min_neighbors = 40"
2.7,0.244279541769289,"PSTH","min_neighbors = 40"
2.8,0.23972839883927,"PSTH","min_neighbors = 40"
2.9,0.24213037528983,"PSTH","min_neighbors = 40"
3,0.245818792836392,"PSTH","min_neighbors = 40"
0.1,0.297486416209119,"Concat","min_neighbors = 40"
0.2,0.333572494643772,"Concat","min_neighbors = 40"
0.3,0.333572494643772,"Concat","min_neighbors = 40"
0.4,0.334738334597191,"Concat","min_neighbors = 40"
0.5,0.34523089417797,"Concat","min_neighbors = 40"
0.6,0.323405147584916,"Concat","min_neighbors = 40"
0.7,0.322272625693462,"Concat","min_neighbors = 40"
0.8,0.32236484345779,"Concat","min_neighbors = 40"
0.9,0.319882948158105,"Concat","min_neighbors = 40"
1,0.342143147056698,"Concat","min_neighbors = 40"
1.1,0.333839809623662,"Concat","min_neighbors = 40"
1.2,0.334676879528934,"Concat","min_neighbors = 40"
1.3,0.334676879528934,"Concat","min_neighbors = 40"
1.4,0.338233160108888,"Concat","min_neighbors = 40"
1.5,0.324646845791959,"Concat","min_neighbors = 40"
1.6,0.304696831070026,"Concat","min_neighbors = 40"
1.7,0.304696831070026,"Concat","min_neighbors = 40"
1.8,0.304696831070026,"Concat","min_neighbors = 40"
1.9,0.304696831070026,"Concat","min_neighbors = 40"
2,0.30286878891615,"Concat","min_neighbors = 40"
2.1,0.30286878891615,"Concat","min_neighbors = 40"
2.2,0.277641493660735,"Concat","min_neighbors = 40"
2.3,0.273823557577236,"Concat","min_neighbors = 40"
2.4,0.24747891837673,"Concat","min_neighbors = 40"
2.5,0.244413918631371,"Concat","min_neighbors = 40"
2.6,0.243024162190124,"Concat","min_neighbors = 40"
2.7,0.242677783723376,"Concat","min_neighbors = 40"
2.8,0.236970066555019,"Concat","min_neighbors = 40"
2.9,0.2403265454562,"Concat","min_neighbors = 40"
3,0.239509363845777,"Concat","min_neighbors = 40"
