"xV","variable","value","k.nn"
0.1,"ISI",0.0494748291116748,5
0.2,"ISI",0.0977758823054307,5
0.3,"ISI",0.0994748420369886,5
0.4,"ISI",0.0994748420369886,5
0.5,"ISI",0.0987496033465116,5
0.6,"ISI",0.118665543079542,5
0.7,"ISI",0.122130662707782,5
0.8,"ISI",0.129747786318519,5
0.9,"ISI",0.128397885373246,5
1,"ISI",0.128397885373246,5
1.1,"ISI",0.140152872590626,5
1.2,"ISI",0.140152872590626,5
1.3,"ISI",0.140152872590626,5
1.4,"ISI",0.140152872590626,5
1.5,"ISI",0.146446554932392,5
1.6,"ISI",0.15291404872617,5
1.7,"ISI",0.15291404872617,5
1.8,"ISI",0.15291404872617,5
1.9,"ISI",0.15291404872617,5
2,"ISI",0.155871165276948,5
2.1,"ISI",0.146928798344728,5
2.2,"ISI",0.139118011497689,5
2.3,"ISI",0.139118011497689,5
2.4,"ISI",0.139118011497689,5
2.5,"ISI",0.131144187343289,5
2.6,"ISI",0.12612309771568,5
2.7,"ISI",0.128558327291955,5
2.8,"ISI",0.128558327291955,5
2.9,"ISI",0.128558327291955,5
3,"ISI",0.129389692581327,5
0.1,"WF",0.190345596184477,5
0.2,"WF",0.162015358042996,5
0.3,"WF",0.293143778449669,5
0.4,"WF",0.312468102093513,5
0.5,"WF",0.312468102093513,5
0.6,"WF",0.312468102093513,5
0.7,"WF",0.236274962385375,5
0.8,"WF",0.194946202732997,5
0.9,"WF",0.20223350223109,5
1,"WF",0.203508320178896,5
1.1,"WF",0.19970835285419,5
1.2,"WF",0.19970835285419,5
1.3,"WF",0.202342549278064,5
1.4,"WF",0.202342549278064,5
1.5,"WF",0.182141938839301,5
1.6,"WF",0.1832539783948,5
1.7,"WF",0.1832539783948,5
1.8,"WF",0.1832539783948,5
1.9,"WF",0.181708798868931,5
2,"WF",0.183187686148908,5
2.1,"WF",0.183187686148908,5
2.2,"WF",0.16833318845213,5
2.3,"WF",0.155533163614706,5
2.4,"WF",0.155533163614706,5
2.5,"WF",0.155533163614706,5
2.6,"WF",0.157838777879482,5
2.7,"WF",0.156375627671787,5
2.8,"WF",0.156375627671787,5
2.9,"WF",0.156375627671787,5
3,"WF",0.156375627671787,5
0.1,"PSTH",0.0878235423162979,5
0.2,"PSTH",0.159124725044766,5
0.3,"PSTH",0.159124725044766,5
0.4,"PSTH",0.163385695291781,5
0.5,"PSTH",0.163385695291781,5
0.6,"PSTH",0.194327385156118,5
0.7,"PSTH",0.211665927397437,5
0.8,"PSTH",0.211665927397437,5
0.9,"PSTH",0.21244078710768,5
1,"PSTH",0.21244078710768,5
1.1,"PSTH",0.198969734197528,5
1.2,"PSTH",0.198969734197528,5
1.3,"PSTH",0.198969734197528,5
1.4,"PSTH",0.180330281661331,5
1.5,"PSTH",0.180330281661331,5
1.6,"PSTH",0.182180253401254,5
1.7,"PSTH",0.17821373864213,5
1.8,"PSTH",0.181158481863468,5
1.9,"PSTH",0.181158481863468,5
2,"PSTH",0.167832365017907,5
2.1,"PSTH",0.161452120471323,5
2.2,"PSTH",0.161452120471323,5
2.3,"PSTH",0.163857970100266,5
2.4,"PSTH",0.113526514063133,5
2.5,"PSTH",0.121587715372567,5
2.6,"PSTH",0.114707829339266,5
2.7,"PSTH",0.121208050625479,5
2.8,"PSTH",0.117325151164388,5
2.9,"PSTH",0.11770040554713,5
3,"PSTH",0.117325151164388,5
0.1,"Concat",0.197926910477046,5
0.2,"Concat",0.228262682436852,5
0.3,"Concat",0.228262682436852,5
0.4,"Concat",0.241033289423687,5
0.5,"Concat",0.243228065057253,5
0.6,"Concat",0.248194582394353,5
0.7,"Concat",0.218404847525687,5
0.8,"Concat",0.218404847525687,5
0.9,"Concat",0.210499913270619,5
1,"Concat",0.211655275545,5
1.1,"Concat",0.215026417637255,5
1.2,"Concat",0.215026417637255,5
1.3,"Concat",0.210921236241263,5
1.4,"Concat",0.210921236241263,5
1.5,"Concat",0.195569686924274,5
1.6,"Concat",0.195892888068404,5
1.7,"Concat",0.189175137435227,5
1.8,"Concat",0.157096926979751,5
1.9,"Concat",0.157096926979751,5
2,"Concat",0.157096926979751,5
2.1,"Concat",0.149877635711369,5
2.2,"Concat",0.149010349111003,5
2.3,"Concat",0.150884225953805,5
2.4,"Concat",0.150884225953805,5
2.5,"Concat",0.150884225953805,5
2.6,"Concat",0.131111936127532,5
2.7,"Concat",0.131111936127532,5
2.8,"Concat",0.131111936127532,5
2.9,"Concat",0.131111936127532,5
3,"Concat",0.124576569568786,5
0.1,"Pooled",0.0751395258690907,5
0.2,"Pooled",0.26090348913478,5
0.3,"Pooled",0.26371802742907,5
0.4,"Pooled",0.277818935906931,5
0.5,"Pooled",0.277818935906931,5
0.6,"Pooled",0.319379488260782,5
0.7,"Pooled",0.295846977276572,5
0.8,"Pooled",0.275797998423363,5
0.9,"Pooled",0.267547128130698,5
1,"Pooled",0.282087017985223,5
1.1,"Pooled",0.285837849835284,5
1.2,"Pooled",0.283418133417776,5
1.3,"Pooled",0.282631345370365,5
1.4,"Pooled",0.263509722642668,5
1.5,"Pooled",0.268735412978504,5
1.6,"Pooled",0.225416876228858,5
1.7,"Pooled",0.225416876228858,5
1.8,"Pooled",0.225416876228858,5
1.9,"Pooled",0.229523745957779,5
2,"Pooled",0.184814001684613,5
2.1,"Pooled",0.190977035584355,5
2.2,"Pooled",0.193479239300364,5
2.3,"Pooled",0.193082773571124,5
2.4,"Pooled",0.193082773571124,5
2.5,"Pooled",0.175488374582846,5
2.6,"Pooled",0.16182239028504,5
2.7,"Pooled",0.16182239028504,5
2.8,"Pooled",0.156650597018642,5
2.9,"Pooled",0.160831836066353,5
3,"Pooled",0.163390608895226,5
0.1,"ISI",0.0686967687540184,10
0.2,"ISI",0.13075763376241,10
0.3,"ISI",0.157349454985423,10
0.4,"ISI",0.105819260759072,10
0.5,"ISI",0.12871752055996,10
0.6,"ISI",0.136959569084465,10
0.7,"ISI",0.147802958731844,10
0.8,"ISI",0.139951707402432,10
0.9,"ISI",0.143860876568067,10
1,"ISI",0.148086112568053,10
1.1,"ISI",0.139517295505859,10
1.2,"ISI",0.141036527185078,10
1.3,"ISI",0.129033593407594,10
1.4,"ISI",0.132099620995639,10
1.5,"ISI",0.131875442748004,10
1.6,"ISI",0.132573726692086,10
1.7,"ISI",0.135432652984454,10
1.8,"ISI",0.135432652984454,10
1.9,"ISI",0.135432652984454,10
2,"ISI",0.135432652984454,10
2.1,"ISI",0.143653105290191,10
2.2,"ISI",0.140112787957993,10
2.3,"ISI",0.138941675470864,10
2.4,"ISI",0.14395159711747,10
2.5,"ISI",0.148053516206545,10
2.6,"ISI",0.14395159711747,10
2.7,"ISI",0.14395159711747,10
2.8,"ISI",0.14395159711747,10
2.9,"ISI",0.14395159711747,10
3,"ISI",0.14395159711747,10
0.1,"WF",0.194882827758366,10
0.2,"WF",0.171229972899967,10
0.3,"WF",0.210565662583303,10
0.4,"WF",0.209943784580679,10
0.5,"WF",0.209943784580679,10
0.6,"WF",0.256702120277857,10
0.7,"WF",0.278800915281581,10
0.8,"WF",0.278800915281581,10
0.9,"WF",0.278800915281581,10
1,"WF",0.278800915281581,10
1.1,"WF",0.278800915281581,10
1.2,"WF",0.278800915281581,10
1.3,"WF",0.278800915281581,10
1.4,"WF",0.286546585073857,10
1.5,"WF",0.268130629833833,10
1.6,"WF",0.266651707127328,10
1.7,"WF",0.266651707127328,10
1.8,"WF",0.225354115159104,10
1.9,"WF",0.221925211960348,10
2,"WF",0.221925211960348,10
2.1,"WF",0.217349435344418,10
2.2,"WF",0.225452452204811,10
2.3,"WF",0.225452452204811,10
2.4,"WF",0.225452452204811,10
2.5,"WF",0.225452452204811,10
2.6,"WF",0.225452452204811,10
2.7,"WF",0.22092878158987,10
2.8,"WF",0.22091744118687,10
2.9,"WF",0.22091744118687,10
3,"WF",0.200710787986538,10
0.1,"PSTH",0.0913429748458032,10
0.2,"PSTH",0.0641278082312148,10
0.3,"PSTH",0.152491493213273,10
0.4,"PSTH",0.148674773078613,10
0.5,"PSTH",0.148674773078613,10
0.6,"PSTH",0.194979065324249,10
0.7,"PSTH",0.194979065324249,10
0.8,"PSTH",0.165940662042865,10
0.9,"PSTH",0.180230781886128,10
1,"PSTH",0.183260737748188,10
1.1,"PSTH",0.189674416727818,10
1.2,"PSTH",0.181466719414789,10
1.3,"PSTH",0.18213684157521,10
1.4,"PSTH",0.181466719414789,10
1.5,"PSTH",0.183949166753818,10
1.6,"PSTH",0.183949166753818,10
1.7,"PSTH",0.183949166753818,10
1.8,"PSTH",0.183949166753818,10
1.9,"PSTH",0.183949166753818,10
2,"PSTH",0.183949166753818,10
2.1,"PSTH",0.178379965377445,10
2.2,"PSTH",0.183949166753818,10
2.3,"PSTH",0.190207474048451,10
2.4,"PSTH",0.181850022746455,10
2.5,"PSTH",0.170862007201904,10
2.6,"PSTH",0.173563556151987,10
2.7,"PSTH",0.170862007201904,10
2.8,"PSTH",0.165761402194452,10
2.9,"PSTH",0.166261178906755,10
3,"PSTH",0.166044338709855,10
0.1,"Concat",0.199024457211858,10
0.2,"Concat",0.254457373796868,10
0.3,"Concat",0.238427474802405,10
0.4,"Concat",0.26397878260081,10
0.5,"Concat",0.26397878260081,10
0.6,"Concat",0.26397878260081,10
0.7,"Concat",0.26397878260081,10
0.8,"Concat",0.26397878260081,10
0.9,"Concat",0.26397878260081,10
1,"Concat",0.26397878260081,10
1.1,"Concat",0.277976862261032,10
1.2,"Concat",0.276440973574909,10
1.3,"Concat",0.272949497029821,10
1.4,"Concat",0.255408611885488,10
1.5,"Concat",0.257390936545227,10
1.6,"Concat",0.219777774589058,10
1.7,"Concat",0.216351236417422,10
1.8,"Concat",0.20909731186515,10
1.9,"Concat",0.20909731186515,10
2,"Concat",0.20909731186515,10
2.1,"Concat",0.20909731186515,10
2.2,"Concat",0.20909731186515,10
2.3,"Concat",0.20909731186515,10
2.4,"Concat",0.192068959825353,10
2.5,"Concat",0.189606514322479,10
2.6,"Concat",0.179327582776199,10
2.7,"Concat",0.183836764099858,10
2.8,"Concat",0.171986163318233,10
2.9,"Concat",0.171986163318233,10
3,"Concat",0.171986163318233,10
0.1,"Pooled",0.0941358428593312,10
0.2,"Pooled",0.271343880718203,10
0.3,"Pooled",0.271343880718203,10
0.4,"Pooled",0.266469620367601,10
0.5,"Pooled",0.266469620367601,10
0.6,"Pooled",0.266469620367601,10
0.7,"Pooled",0.313914257549678,10
0.8,"Pooled",0.313914257549678,10
0.9,"Pooled",0.279115644086544,10
1,"Pooled",0.260559990003902,10
1.1,"Pooled",0.268407698565264,10
1.2,"Pooled",0.269536993364641,10
1.3,"Pooled",0.265899844478823,10
1.4,"Pooled",0.26895233554158,10
1.5,"Pooled",0.270708165858937,10
1.6,"Pooled",0.271664545599659,10
1.7,"Pooled",0.265012117001362,10
1.8,"Pooled",0.21793725151818,10
1.9,"Pooled",0.215561756864641,10
2,"Pooled",0.200486789418247,10
2.1,"Pooled",0.200486789418247,10
2.2,"Pooled",0.226124604196093,10
2.3,"Pooled",0.223829038137161,10
2.4,"Pooled",0.190791143444324,10
2.5,"Pooled",0.198861730770451,10
2.6,"Pooled",0.198420294433487,10
2.7,"Pooled",0.193445995464578,10
2.8,"Pooled",0.193445995464578,10
2.9,"Pooled",0.19702044630968,10
3,"Pooled",0.201179998676275,10
0.1,"ISI",0.0608603836914237,20
0.2,"ISI",0.154926553441602,20
0.3,"ISI",0.154926553441602,20
0.4,"ISI",0.120800086994208,20
0.5,"ISI",0.0914680354488914,20
0.6,"ISI",0.0914680354488914,20
0.7,"ISI",0.092591672644053,20
0.8,"ISI",0.092591672644053,20
0.9,"ISI",0.102343703866495,20
1,"ISI",0.124286691273945,20
1.1,"ISI",0.122094452108975,20
1.2,"ISI",0.131335679814354,20
1.3,"ISI",0.133775587099719,20
1.4,"ISI",0.136339999144762,20
1.5,"ISI",0.136339999144762,20
1.6,"ISI",0.136176981203946,20
1.7,"ISI",0.136176981203946,20
1.8,"ISI",0.136176981203946,20
1.9,"ISI",0.125586801348177,20
2,"ISI",0.125220139968426,20
2.1,"ISI",0.125220139968426,20
2.2,"ISI",0.125220139968426,20
2.3,"ISI",0.125201121562941,20
2.4,"ISI",0.125201121562941,20
2.5,"ISI",0.125683656162469,20
2.6,"ISI",0.125683656162469,20
2.7,"ISI",0.131463807506614,20
2.8,"ISI",0.135104063320357,20
2.9,"ISI",0.136898718157045,20
3,"ISI",0.137690179230185,20
0.1,"WF",0,20
0.2,"WF",0.186484415997702,20
0.3,"WF",0.205239832190696,20
0.4,"WF",0.161274577332954,20
0.5,"WF",0.159917636671921,20
0.6,"WF",0.206756830175464,20
0.7,"WF",0.248596512968303,20
0.8,"WF",0.257850687320834,20
0.9,"WF",0.251308582970178,20
1,"WF",0.242469084393312,20
1.1,"WF",0.242469084393312,20
1.2,"WF",0.245513394988633,20
1.3,"WF",0.252669274312492,20
1.4,"WF",0.261276511951419,20
1.5,"WF",0.261276511951419,20
1.6,"WF",0.261276511951419,20
1.7,"WF",0.267919783916109,20
1.8,"WF",0.267919783916109,20
1.9,"WF",0.267919783916109,20
2,"WF",0.267919783916109,20
2.1,"WF",0.26619626512747,20
2.2,"WF",0.256762741045009,20
2.3,"WF",0.252160743031797,20
2.4,"WF",0.252160743031797,20
2.5,"WF",0.25277487433659,20
2.6,"WF",0.25277487433659,20
2.7,"WF",0.250333205633447,20
2.8,"WF",0.226683174131001,20
2.9,"WF",0.226683174131001,20
3,"WF",0.226683174131001,20
0.1,"PSTH",0.0625174232055492,20
0.2,"PSTH",0.0832899672831434,20
0.3,"PSTH",0.0756301131177336,20
0.4,"PSTH",0.18113139132482,20
0.5,"PSTH",0.18113139132482,20
0.6,"PSTH",0.173130987594693,20
0.7,"PSTH",0.178628708468287,20
0.8,"PSTH",0.189265645407857,20
0.9,"PSTH",0.225270774022015,20
1,"PSTH",0.183880341357477,20
1.1,"PSTH",0.206517967299489,20
1.2,"PSTH",0.204027475180589,20
1.3,"PSTH",0.214586612064633,20
1.4,"PSTH",0.221070426273392,20
1.5,"PSTH",0.222684768883487,20
1.6,"PSTH",0.227527633542269,20
1.7,"PSTH",0.23039131598684,20
1.8,"PSTH",0.215127346320327,20
1.9,"PSTH",0.212566001517536,20
2,"PSTH",0.196855133733698,20
2.1,"PSTH",0.198655826438576,20
2.2,"PSTH",0.184149360886148,20
2.3,"PSTH",0.187257599730447,20
2.4,"PSTH",0.175274818100558,20
2.5,"PSTH",0.187096219810393,20
2.6,"PSTH",0.166478413110435,20
2.7,"PSTH",0.171534563680862,20
2.8,"PSTH",0.171127182950035,20
2.9,"PSTH",0.171214149439834,20
3,"PSTH",0.150439539105856,20
0.1,"Concat",0.0748050265304621,20
0.2,"Concat",0.23503107691255,20
0.3,"Concat",0.23503107691255,20
0.4,"Concat",0.23503107691255,20
0.5,"Concat",0.23503107691255,20
0.6,"Concat",0.23503107691255,20
0.7,"Concat",0.264186531286548,20
0.8,"Concat",0.257172955101072,20
0.9,"Concat",0.257172955101072,20
1,"Concat",0.27752596942149,20
1.1,"Concat",0.27752596942149,20
1.2,"Concat",0.272363014589999,20
1.3,"Concat",0.272363014589999,20
1.4,"Concat",0.272363014589999,20
1.5,"Concat",0.272363014589999,20
1.6,"Concat",0.26941044657127,20
1.7,"Concat",0.265003025918345,20
1.8,"Concat",0.268323399486345,20
1.9,"Concat",0.244192974122026,20
2,"Concat",0.235069898381101,20
2.1,"Concat",0.238458489555878,20
2.2,"Concat",0.235905553298489,20
2.3,"Concat",0.235905553298489,20
2.4,"Concat",0.235905553298489,20
2.5,"Concat",0.235905553298489,20
2.6,"Concat",0.231475724292173,20
2.7,"Concat",0.227612262271026,20
2.8,"Concat",0.227612262271026,20
2.9,"Concat",0.221286079593857,20
3,"Concat",0.167241605821274,20
0.1,"Pooled",0.104887185882563,20
0.2,"Pooled",0.350730807351335,20
0.3,"Pooled",0.311354740046389,20
0.4,"Pooled",0.311354740046389,20
0.5,"Pooled",0.311354740046389,20
0.6,"Pooled",0.311354740046389,20
0.7,"Pooled",0.311354740046389,20
0.8,"Pooled",0.311354740046389,20
0.9,"Pooled",0.319564723134022,20
1,"Pooled",0.319564723134022,20
1.1,"Pooled",0.3451933964714,20
1.2,"Pooled",0.341461630593333,20
1.3,"Pooled",0.304491329499003,20
1.4,"Pooled",0.300445710807814,20
1.5,"Pooled",0.300031171863194,20
1.6,"Pooled",0.300031171863194,20
1.7,"Pooled",0.304792577594005,20
1.8,"Pooled",0.304144859619312,20
1.9,"Pooled",0.31113851199885,20
2,"Pooled",0.31337891058711,20
2.1,"Pooled",0.31259092319252,20
2.2,"Pooled",0.313184348798244,20
2.3,"Pooled",0.313184348798244,20
2.4,"Pooled",0.306704929285057,20
2.5,"Pooled",0.304694168851458,20
2.6,"Pooled",0.30530624021363,20
2.7,"Pooled",0.303736802698794,20
2.8,"Pooled",0.278021161101734,20
2.9,"Pooled",0.219128038980766,20
3,"Pooled",0.220401452137698,20
0.1,"ISI",0.0350749541810285,30
0.2,"ISI",0.0350749541810285,30
0.3,"ISI",0.118006948889766,30
0.4,"ISI",0.118006948889766,30
0.5,"ISI",0.118006948889766,30
0.6,"ISI",0.118006948889766,30
0.7,"ISI",0.114989153573796,30
0.8,"ISI",0.0918524584188562,30
0.9,"ISI",0.0984648088934137,30
1,"ISI",0.0984648088934137,30
1.1,"ISI",0.102541832195177,30
1.2,"ISI",0.112596177591047,30
1.3,"ISI",0.124097414391509,30
1.4,"ISI",0.12737656389197,30
1.5,"ISI",0.14765016908506,30
1.6,"ISI",0.149618674415001,30
1.7,"ISI",0.149618674415001,30
1.8,"ISI",0.148109336953444,30
1.9,"ISI",0.14787764107039,30
2,"ISI",0.151219683006256,30
2.1,"ISI",0.151782163388722,30
2.2,"ISI",0.156048404877007,30
2.3,"ISI",0.162511077831578,30
2.4,"ISI",0.158778177015048,30
2.5,"ISI",0.151476811188009,30
2.6,"ISI",0.153791290715768,30
2.7,"ISI",0.174495927211448,30
2.8,"ISI",0.170480727882777,30
2.9,"ISI",0.172483245619847,30
3,"ISI",0.173330861680761,30
0.1,"WF",0,30
0.2,"WF",0.188323652599472,30
0.3,"WF",0.188323652599472,30
0.4,"WF",0.188665991082049,30
0.5,"WF",0.163283246269613,30
0.6,"WF",0.162740130121311,30
0.7,"WF",0.169894470183587,30
0.8,"WF",0.236894521694038,30
0.9,"WF",0.292384169890018,30
1,"WF",0.297783391267379,30
1.1,"WF",0.297783391267379,30
1.2,"WF",0.300711828464364,30
1.3,"WF",0.300711828464364,30
1.4,"WF",0.291278403221761,30
1.5,"WF",0.291278403221761,30
1.6,"WF",0.270998948906779,30
1.7,"WF",0.270998948906779,30
1.8,"WF",0.257206013440294,30
1.9,"WF",0.260921465403678,30
2,"WF",0.256941695443022,30
2.1,"WF",0.259151306718313,30
2.2,"WF",0.258697693490361,30
2.3,"WF",0.258697693490361,30
2.4,"WF",0.26231726328888,30
2.5,"WF",0.263312037847424,30
2.6,"WF",0.254940054186173,30
2.7,"WF",0.249895856274281,30
2.8,"WF",0.252728560380188,30
2.9,"WF",0.250106415107765,30
3,"WF",0.260727832544038,30
0.1,"PSTH",0,30
0.2,"PSTH",0.0199206554810074,30
0.3,"PSTH",0.0230825791611927,30
0.4,"PSTH",0.0345784143585736,30
0.5,"PSTH",0.0714052285211193,30
0.6,"PSTH",0.0712192568548164,30
0.7,"PSTH",0.0714283206118771,30
0.8,"PSTH",0.0763291076977018,30
0.9,"PSTH",0.0797888508270274,30
1,"PSTH",0.189522098607619,30
1.1,"PSTH",0.189522098607619,30
1.2,"PSTH",0.207600866590497,30
1.3,"PSTH",0.22019170590687,30
1.4,"PSTH",0.177328328780915,30
1.5,"PSTH",0.186946388080377,30
1.6,"PSTH",0.196108206511241,30
1.7,"PSTH",0.189469820193556,30
1.8,"PSTH",0.188711909904036,30
1.9,"PSTH",0.189010842240647,30
2,"PSTH",0.18387991039393,30
2.1,"PSTH",0.180933805259531,30
2.2,"PSTH",0.184282173407616,30
2.3,"PSTH",0.173266740037051,30
2.4,"PSTH",0.168786008362907,30
2.5,"PSTH",0.166777755659438,30
2.6,"PSTH",0.171256765878078,30
2.7,"PSTH",0.161572233973191,30
2.8,"PSTH",0.16364603610248,30
2.9,"PSTH",0.159111891466537,30
3,"PSTH",0.16015649638457,30
0.1,"Concat",0,30
0.2,"Concat",0.0592501874612823,30
0.3,"Concat",0.194080973133448,30
0.4,"Concat",0.230917745390006,30
0.5,"Concat",0.230917745390006,30
0.6,"Concat",0.242413159404195,30
0.7,"Concat",0.242413159404195,30
0.8,"Concat",0.244828232604759,30
0.9,"Concat",0.244828232604759,30
1,"Concat",0.244828232604759,30
1.1,"Concat",0.266777226487174,30
1.2,"Concat",0.25894486373094,30
1.3,"Concat",0.25894486373094,30
1.4,"Concat",0.25894486373094,30
1.5,"Concat",0.255294933219839,30
1.6,"Concat",0.252863003616637,30
1.7,"Concat",0.247231213333594,30
1.8,"Concat",0.247231213333594,30
1.9,"Concat",0.247231213333594,30
2,"Concat",0.247231213333594,30
2.1,"Concat",0.249876597307257,30
2.2,"Concat",0.238303143667192,30
2.3,"Concat",0.232478267403324,30
2.4,"Concat",0.210832440736475,30
2.5,"Concat",0.202606719529159,30
2.6,"Concat",0.200569276189513,30
2.7,"Concat",0.195015523547765,30
2.8,"Concat",0.193712968903227,30
2.9,"Concat",0.184194755638178,30
3,"Concat",0.183459901104389,30
0.1,"Pooled",0.119070029903825,30
0.2,"Pooled",0.119070029903825,30
0.3,"Pooled",0.362609991042803,30
0.4,"Pooled",0.362609991042803,30
0.5,"Pooled",0.362609991042803,30
0.6,"Pooled",0.362609991042803,30
0.7,"Pooled",0.362609991042803,30
0.8,"Pooled",0.338694003113835,30
0.9,"Pooled",0.314721703245785,30
1,"Pooled",0.314721703245785,30
1.1,"Pooled",0.314721703245785,30
1.2,"Pooled",0.314721703245785,30
1.3,"Pooled",0.339446946202139,30
1.4,"Pooled",0.339446946202139,30
1.5,"Pooled",0.343539457511373,30
1.6,"Pooled",0.331395499183157,30
1.7,"Pooled",0.321069569530869,30
1.8,"Pooled",0.321820008621291,30
1.9,"Pooled",0.305370080450669,30
2,"Pooled",0.300259499565832,30
2.1,"Pooled",0.298335766250677,30
2.2,"Pooled",0.29684435425442,30
2.3,"Pooled",0.300812542913476,30
2.4,"Pooled",0.307065663109672,30
2.5,"Pooled",0.316543353007145,30
2.6,"Pooled",0.32344819990886,30
2.7,"Pooled",0.321613913867503,30
2.8,"Pooled",0.310474792607523,30
2.9,"Pooled",0.313278808754558,30
3,"Pooled",0.317763011691535,30
0.1,"ISI",0.0205675323784683,50
0.2,"ISI",0.0205675323784683,50
0.3,"ISI",0.0205675323784683,50
0.4,"ISI",0.0721122584984672,50
0.5,"ISI",0.0882081564864366,50
0.6,"ISI",0.0882081564864366,50
0.7,"ISI",0.101157596432435,50
0.8,"ISI",0.101157596432435,50
0.9,"ISI",0.100530066241447,50
1,"ISI",0.105539578478248,50
1.1,"ISI",0.112393336035681,50
1.2,"ISI",0.105127652892704,50
1.3,"ISI",0.105127652892704,50
1.4,"ISI",0.105127652892704,50
1.5,"ISI",0.127766198214337,50
1.6,"ISI",0.128675206591619,50
1.7,"ISI",0.134859052403245,50
1.8,"ISI",0.146841623214837,50
1.9,"ISI",0.15615652794247,50
2,"ISI",0.159609989285527,50
2.1,"ISI",0.176990781875756,50
2.2,"ISI",0.184051980998725,50
2.3,"ISI",0.179784862050373,50
2.4,"ISI",0.175816169119029,50
2.5,"ISI",0.172465400993199,50
2.6,"ISI",0.164375706746232,50
2.7,"ISI",0.176431802082618,50
2.8,"ISI",0.170929843461031,50
2.9,"ISI",0.165604574574197,50
3,"ISI",0.158297525268148,50
0.1,"WF",0,50
0.2,"WF",0,50
0.3,"WF",0.169579897339195,50
0.4,"WF",0.169579897339195,50
0.5,"WF",0.169579897339195,50
0.6,"WF",0.169579897339195,50
0.7,"WF",0.169824771160784,50
0.8,"WF",0.151758475994132,50
0.9,"WF",0.151758475994132,50
1,"WF",0.151382220547003,50
1.1,"WF",0.223363287413397,50
1.2,"WF",0.216042361252198,50
1.3,"WF",0.230858240971573,50
1.4,"WF",0.26069921183323,50
1.5,"WF",0.248365392800135,50
1.6,"WF",0.253553656630856,50
1.7,"WF",0.249247446759924,50
1.8,"WF",0.250470137793713,50
1.9,"WF",0.248530771506754,50
2,"WF",0.251319705683935,50
2.1,"WF",0.251001138591477,50
2.2,"WF",0.255888811822196,50
2.3,"WF",0.263943836667454,50
2.4,"WF",0.249979984092814,50
2.5,"WF",0.247046726662492,50
2.6,"WF",0.242046587491299,50
2.7,"WF",0.23316972207734,50
2.8,"WF",0.229915631926468,50
2.9,"WF",0.215420053923622,50
3,"WF",0.205968151942972,50
0.1,"PSTH",0,50
0.2,"PSTH",0.00239344911877927,50
0.3,"PSTH",0.00239344911877927,50
0.4,"PSTH",0.00400146458184616,50
0.5,"PSTH",0.00589029023292527,50
0.6,"PSTH",0.0686283885873008,50
0.7,"PSTH",0.0631290711264055,50
0.8,"PSTH",0.0554543341313455,50
0.9,"PSTH",0.0609685690807602,50
1,"PSTH",0.0766117703104837,50
1.1,"PSTH",0.114573192657794,50
1.2,"PSTH",0.115259905172806,50
1.3,"PSTH",0.181866968971432,50
1.4,"PSTH",0.175356710644508,50
1.5,"PSTH",0.172140939671366,50
1.6,"PSTH",0.144755116601608,50
1.7,"PSTH",0.148031551107731,50
1.8,"PSTH",0.140969854825352,50
1.9,"PSTH",0.137020643253532,50
2,"PSTH",0.133110340677749,50
2.1,"PSTH",0.12613693654958,50
2.2,"PSTH",0.117875618053698,50
2.3,"PSTH",0.120377209753902,50
2.4,"PSTH",0.111074887186151,50
2.5,"PSTH",0.109569938180793,50
2.6,"PSTH",0.119240178602863,50
2.7,"PSTH",0.125405049570428,50
2.8,"PSTH",0.107394228243264,50
2.9,"PSTH",0.116634832588123,50
3,"PSTH",0.12265542262179,50
0.1,"Concat",0,50
0.2,"Concat",0,50
0.3,"Concat",0,50
0.4,"Concat",0.197021603182513,50
0.5,"Concat",0.197021603182513,50
0.6,"Concat",0.226387363265937,50
0.7,"Concat",0.220987603516144,50
0.8,"Concat",0.233922424612958,50
0.9,"Concat",0.24535147292598,50
1,"Concat",0.245034809032495,50
1.1,"Concat",0.258116164983841,50
1.2,"Concat",0.279016798004965,50
1.3,"Concat",0.232710329598451,50
1.4,"Concat",0.21812841700485,50
1.5,"Concat",0.2200105651751,50
1.6,"Concat",0.258395460436905,50
1.7,"Concat",0.227216545244277,50
1.8,"Concat",0.227663899146328,50
1.9,"Concat",0.242524286668746,50
2,"Concat",0.236099294243313,50
2.1,"Concat",0.239359420338678,50
2.2,"Concat",0.23272408632167,50
2.3,"Concat",0.23580853420038,50
2.4,"Concat",0.191076543757502,50
2.5,"Concat",0.187231404952821,50
2.6,"Concat",0.18268526280698,50
2.7,"Concat",0.17787640302141,50
2.8,"Concat",0.174420565053298,50
2.9,"Concat",0.170821258868632,50
3,"Concat",0.168297528712871,50
0.1,"Pooled",0.101102019289127,50
0.2,"Pooled",0.101102019289127,50
0.3,"Pooled",0.101102019289127,50
0.4,"Pooled",0.101102019289127,50
0.5,"Pooled",0.101102019289127,50
0.6,"Pooled",0.34248828132238,50
0.7,"Pooled",0.300634691483059,50
0.8,"Pooled",0.308308167324493,50
0.9,"Pooled",0.308308167324493,50
1,"Pooled",0.292242788132001,50
1.1,"Pooled",0.292242788132001,50
1.2,"Pooled",0.292319711862287,50
1.3,"Pooled",0.291017790917466,50
1.4,"Pooled",0.318874396185529,50
1.5,"Pooled",0.327748667865381,50
1.6,"Pooled",0.312839153248918,50
1.7,"Pooled",0.307685519946075,50
1.8,"Pooled",0.300984086707079,50
1.9,"Pooled",0.306160011076634,50
2,"Pooled",0.305911173678337,50
2.1,"Pooled",0.304509107746414,50
2.2,"Pooled",0.316779646560381,50
2.3,"Pooled",0.315042342552759,50
2.4,"Pooled",0.302218144478943,50
2.5,"Pooled",0.295790461384646,50
2.6,"Pooled",0.283989537073233,50
2.7,"Pooled",0.275503281322726,50
2.8,"Pooled",0.27554259372112,50
2.9,"Pooled",0.270053019315158,50
3,"Pooled",0.268018128055458,50
