"","portions","differences","rolling_mean","rolling_sd"
"AccVall_val_allP",0.15,0.0468620893173323,NA,NA
"X",0.2,-0.0147122762148337,NA,NA
"X.1",0.25,-0.032231884057971,-0.00254781709916045,0.0304186159082141
"X.2",0.3,0.00372447213568705,-0.0121811045278443,0.0141189146662743
"X.3",0.35,-0.0163814866760169,-0.0164957921420204,0.0178809797050155
"X.4",0.4,-0.00130434782608702,-0.0114786643422839,0.0157547558368516
"X.5",0.45,-0.0362857142857143,-0.0128604669819817,0.0143261958963928
"X.6",0.5,-0.00714624505928851,-0.0091517801783233,0.0155359512007875
"X.7",0.55,-0.00318454106280197,-0.0122242439464392,0.0151092213170536
"X.8",0.6,0.00216194734227526,-0.000630144567557256,0.0142469847706708
"X.9",0.65,-0.0166666666666667,-3.88728518811776e-05,0.0139675560307221
"X.10",0.7,0.0216847826086957,0.00162922039186426,0.0139959682443285
"X.11",0.75,-0.00418988648090812,0.0048257901994273,0.015850383811844
"X.12",0.8,0.00515592515592522,0.00394182863253891,0.0173964902167228
"X.13",0.85,0.0181447963800905,NA,NA
"X.14",0.9,-0.0210864745011087,NA,NA
